query_prefix,topic_id,title,criteria,doc_id
130,2w4wpx,"Lower back pain and blood in semen","Results should discuss the causes of blood in semen or emergency presentations that may present with blood in semen. Results should be specific to a young male. Side effects of the drugs Methocarbamol or Ibuprofen should be included if they have been shown to be associated with blood in the semen.",clueweb12-1702wb-79-24557
130,2w4wpx,"Lower back pain and blood in semen","Results should discuss the causes of blood in semen or emergency presentations that may present with blood in semen. Results should be specific to a young male. Side effects of the drugs Methocarbamol or Ibuprofen should be included if they have been shown to be associated with blood in the semen.",clueweb12-1702wb-98-25308
130,2w4wpx,"Lower back pain and blood in semen","Results should discuss the causes of blood in semen or emergency presentations that may present with blood in semen. Results should be specific to a young male. Side effects of the drugs Methocarbamol or Ibuprofen should be included if they have been shown to be associated with blood in the semen.",clueweb12-1705wb-92-04222
130,2w4wpx,"Lower back pain and blood in semen","Results should discuss the causes of blood in semen or emergency presentations that may present with blood in semen. Results should be specific to a young male. Side effects of the drugs Methocarbamol or Ibuprofen should be included if they have been shown to be associated with blood in the semen.",clueweb12-1706wb-33-12930
130,2w4wpx,"Lower back pain and blood in semen","Results should discuss the causes of blood in semen or emergency presentations that may present with blood in semen. Results should be specific to a young male. Side effects of the drugs Methocarbamol or Ibuprofen should be included if they have been shown to be associated with blood in the semen.",clueweb12-0407wb-97-30010
130,2w4wpx,"Lower back pain and blood in semen","Results should discuss the causes of blood in semen or emergency presentations that may present with blood in semen. Results should be specific to a young male. Side effects of the drugs Methocarbamol or Ibuprofen should be included if they have been shown to be associated with blood in the semen.",clueweb12-0408wb-10-21989
130,2w4wpx,"Lower back pain and blood in semen","Results should discuss the causes of blood in semen or emergency presentations that may present with blood in semen. Results should be specific to a young male. Side effects of the drugs Methocarbamol or Ibuprofen should be included if they have been shown to be associated with blood in the semen.",clueweb12-1706wb-54-05781
130,2w4wpx,"Lower back pain and blood in semen","Results should discuss the causes of blood in semen or emergency presentations that may present with blood in semen. Results should be specific to a young male. Side effects of the drugs Methocarbamol or Ibuprofen should be included if they have been shown to be associated with blood in the semen.",clueweb12-0000wb-18-36392
130,2w4wpx,"Lower back pain and blood in semen","Results should discuss the causes of blood in semen or emergency presentations that may present with blood in semen. Results should be specific to a young male. Side effects of the drugs Methocarbamol or Ibuprofen should be included if they have been shown to be associated with blood in the semen.",clueweb12-0408wb-11-35354
130,2w4wpx,"Lower back pain and blood in semen","Results should discuss the causes of blood in semen or emergency presentations that may present with blood in semen. Results should be specific to a young male. Side effects of the drugs Methocarbamol or Ibuprofen should be included if they have been shown to be associated with blood in the semen.",clueweb12-1707wb-43-27000
130,2w4wpx,"Lower back pain and blood in semen","Results should discuss the causes of blood in semen or emergency presentations that may present with blood in semen. Results should be specific to a young male. Side effects of the drugs Methocarbamol or Ibuprofen should be included if they have been shown to be associated with blood in the semen.",clueweb12-0000wb-25-03506
130,2w4wpx,"Lower back pain and blood in semen","Results should discuss the causes of blood in semen or emergency presentations that may present with blood in semen. Results should be specific to a young male. Side effects of the drugs Methocarbamol or Ibuprofen should be included if they have been shown to be associated with blood in the semen.",clueweb12-1709wb-98-06065
130,2w4wpx,"Lower back pain and blood in semen","Results should discuss the causes of blood in semen or emergency presentations that may present with blood in semen. Results should be specific to a young male. Side effects of the drugs Methocarbamol or Ibuprofen should be included if they have been shown to be associated with blood in the semen.",clueweb12-0408wb-45-04077
130,2w4wpx,"Lower back pain and blood in semen","Results should discuss the causes of blood in semen or emergency presentations that may present with blood in semen. Results should be specific to a young male. Side effects of the drugs Methocarbamol or Ibuprofen should be included if they have been shown to be associated with blood in the semen.",clueweb12-0001wb-68-16226
130,2w4wpx,"Lower back pain and blood in semen","Results should discuss the causes of blood in semen or emergency presentations that may present with blood in semen. Results should be specific to a young male. Side effects of the drugs Methocarbamol or Ibuprofen should be included if they have been shown to be associated with blood in the semen.",clueweb12-0408wb-63-20240
130,2w4wpx,"Lower back pain and blood in semen","Results should discuss the causes of blood in semen or emergency presentations that may present with blood in semen. Results should be specific to a young male. Side effects of the drugs Methocarbamol or Ibuprofen should be included if they have been shown to be associated with blood in the semen.",clueweb12-0409wb-43-20449
130,2w4wpx,"Lower back pain and blood in semen","Results should discuss the causes of blood in semen or emergency presentations that may present with blood in semen. Results should be specific to a young male. Side effects of the drugs Methocarbamol or Ibuprofen should be included if they have been shown to be associated with blood in the semen.",clueweb12-0002wb-35-05754
130,2w4wpx,"Lower back pain and blood in semen","Results should discuss the causes of blood in semen or emergency presentations that may present with blood in semen. Results should be specific to a young male. Side effects of the drugs Methocarbamol or Ibuprofen should be included if they have been shown to be associated with blood in the semen.",clueweb12-0411wb-05-08726
130,2w4wpx,"Lower back pain and blood in semen","Results should discuss the causes of blood in semen or emergency presentations that may present with blood in semen. Results should be specific to a young male. Side effects of the drugs Methocarbamol or Ibuprofen should be included if they have been shown to be associated with blood in the semen.",clueweb12-0411wb-21-07047
130,2w4wpx,"Lower back pain and blood in semen","Results should discuss the causes of blood in semen or emergency presentations that may present with blood in semen. Results should be specific to a young male. Side effects of the drugs Methocarbamol or Ibuprofen should be included if they have been shown to be associated with blood in the semen.",clueweb12-0002wb-55-30054
130,2w4wpx,"Lower back pain and blood in semen","Results should discuss the causes of blood in semen or emergency presentations that may present with blood in semen. Results should be specific to a young male. Side effects of the drugs Methocarbamol or Ibuprofen should be included if they have been shown to be associated with blood in the semen.",clueweb12-1714wb-35-23997
130,2w4wpx,"Lower back pain and blood in semen","Results should discuss the causes of blood in semen or emergency presentations that may present with blood in semen. Results should be specific to a young male. Side effects of the drugs Methocarbamol or Ibuprofen should be included if they have been shown to be associated with blood in the semen.",clueweb12-0411wb-28-18687
130,2w4wpx,"Lower back pain and blood in semen","Results should discuss the causes of blood in semen or emergency presentations that may present with blood in semen. Results should be specific to a young male. Side effects of the drugs Methocarbamol or Ibuprofen should be included if they have been shown to be associated with blood in the semen.",clueweb12-0411wb-32-31369
130,2w4wpx,"Lower back pain and blood in semen","Results should discuss the causes of blood in semen or emergency presentations that may present with blood in semen. Results should be specific to a young male. Side effects of the drugs Methocarbamol or Ibuprofen should be included if they have been shown to be associated with blood in the semen.",clueweb12-0002wb-89-09758
130,2w4wpx,"Lower back pain and blood in semen","Results should discuss the causes of blood in semen or emergency presentations that may present with blood in semen. Results should be specific to a young male. Side effects of the drugs Methocarbamol or Ibuprofen should be included if they have been shown to be associated with blood in the semen.",clueweb12-1801wb-32-27361
130,2w4wpx,"Lower back pain and blood in semen","Results should discuss the causes of blood in semen or emergency presentations that may present with blood in semen. Results should be specific to a young male. Side effects of the drugs Methocarbamol or Ibuprofen should be included if they have been shown to be associated with blood in the semen.",clueweb12-0003wb-70-14144
130,2w4wpx,"Lower back pain and blood in semen","Results should discuss the causes of blood in semen or emergency presentations that may present with blood in semen. Results should be specific to a young male. Side effects of the drugs Methocarbamol or Ibuprofen should be included if they have been shown to be associated with blood in the semen.",clueweb12-1801wb-60-09439
130,2w4wpx,"Lower back pain and blood in semen","Results should discuss the causes of blood in semen or emergency presentations that may present with blood in semen. Results should be specific to a young male. Side effects of the drugs Methocarbamol or Ibuprofen should be included if they have been shown to be associated with blood in the semen.",clueweb12-1801wb-90-02162
130,2w4wpx,"Lower back pain and blood in semen","Results should discuss the causes of blood in semen or emergency presentations that may present with blood in semen. Results should be specific to a young male. Side effects of the drugs Methocarbamol or Ibuprofen should be included if they have been shown to be associated with blood in the semen.",clueweb12-1802wb-24-16866
130,2w4wpx,"Lower back pain and blood in semen","Results should discuss the causes of blood in semen or emergency presentations that may present with blood in semen. Results should be specific to a young male. Side effects of the drugs Methocarbamol or Ibuprofen should be included if they have been shown to be associated with blood in the semen.",clueweb12-0005wb-20-01665
130,2w4wpx,"Lower back pain and blood in semen","Results should discuss the causes of blood in semen or emergency presentations that may present with blood in semen. Results should be specific to a young male. Side effects of the drugs Methocarbamol or Ibuprofen should be included if they have been shown to be associated with blood in the semen.",clueweb12-1802wb-54-25880
130,2w4wpx,"Lower back pain and blood in semen","Results should discuss the causes of blood in semen or emergency presentations that may present with blood in semen. Results should be specific to a young male. Side effects of the drugs Methocarbamol or Ibuprofen should be included if they have been shown to be associated with blood in the semen.",clueweb12-1803wb-52-20342
130,2w4wpx,"Lower back pain and blood in semen","Results should discuss the causes of blood in semen or emergency presentations that may present with blood in semen. Results should be specific to a young male. Side effects of the drugs Methocarbamol or Ibuprofen should be included if they have been shown to be associated with blood in the semen.",clueweb12-0006wb-00-13756
130,2w4wpx,"Lower back pain and blood in semen","Results should discuss the causes of blood in semen or emergency presentations that may present with blood in semen. Results should be specific to a young male. Side effects of the drugs Methocarbamol or Ibuprofen should be included if they have been shown to be associated with blood in the semen.",clueweb12-0500wb-54-27011
130,2w4wpx,"Lower back pain and blood in semen","Results should discuss the causes of blood in semen or emergency presentations that may present with blood in semen. Results should be specific to a young male. Side effects of the drugs Methocarbamol or Ibuprofen should be included if they have been shown to be associated with blood in the semen.",clueweb12-0006wb-97-22369
130,2w4wpx,"Lower back pain and blood in semen","Results should discuss the causes of blood in semen or emergency presentations that may present with blood in semen. Results should be specific to a young male. Side effects of the drugs Methocarbamol or Ibuprofen should be included if they have been shown to be associated with blood in the semen.",clueweb12-0502wb-79-00373
130,2w4wpx,"Lower back pain and blood in semen","Results should discuss the causes of blood in semen or emergency presentations that may present with blood in semen. Results should be specific to a young male. Side effects of the drugs Methocarbamol or Ibuprofen should be included if they have been shown to be associated with blood in the semen.",clueweb12-0502wb-95-19120
130,2w4wpx,"Lower back pain and blood in semen","Results should discuss the causes of blood in semen or emergency presentations that may present with blood in semen. Results should be specific to a young male. Side effects of the drugs Methocarbamol or Ibuprofen should be included if they have been shown to be associated with blood in the semen.",clueweb12-0007wb-10-04396
130,2w4wpx,"Lower back pain and blood in semen","Results should discuss the causes of blood in semen or emergency presentations that may present with blood in semen. Results should be specific to a young male. Side effects of the drugs Methocarbamol or Ibuprofen should be included if they have been shown to be associated with blood in the semen.",clueweb12-1804wb-08-14597
130,2w4wpx,"Lower back pain and blood in semen","Results should discuss the causes of blood in semen or emergency presentations that may present with blood in semen. Results should be specific to a young male. Side effects of the drugs Methocarbamol or Ibuprofen should be included if they have been shown to be associated with blood in the semen.",clueweb12-0506wb-20-28570
130,2w4wpx,"Lower back pain and blood in semen","Results should discuss the causes of blood in semen or emergency presentations that may present with blood in semen. Results should be specific to a young male. Side effects of the drugs Methocarbamol or Ibuprofen should be included if they have been shown to be associated with blood in the semen.",clueweb12-1804wb-57-21062
130,2w4wpx,"Lower back pain and blood in semen","Results should discuss the causes of blood in semen or emergency presentations that may present with blood in semen. Results should be specific to a young male. Side effects of the drugs Methocarbamol or Ibuprofen should be included if they have been shown to be associated with blood in the semen.",clueweb12-0508wb-17-12629
130,2w4wpx,"Lower back pain and blood in semen","Results should discuss the causes of blood in semen or emergency presentations that may present with blood in semen. Results should be specific to a young male. Side effects of the drugs Methocarbamol or Ibuprofen should be included if they have been shown to be associated with blood in the semen.",clueweb12-0008wb-14-18961
130,2w4wpx,"Lower back pain and blood in semen","Results should discuss the causes of blood in semen or emergency presentations that may present with blood in semen. Results should be specific to a young male. Side effects of the drugs Methocarbamol or Ibuprofen should be included if they have been shown to be associated with blood in the semen.",clueweb12-0508wb-60-24337
130,2w4wpx,"Lower back pain and blood in semen","Results should discuss the causes of blood in semen or emergency presentations that may present with blood in semen. Results should be specific to a young male. Side effects of the drugs Methocarbamol or Ibuprofen should be included if they have been shown to be associated with blood in the semen.",clueweb12-1805wb-53-26093
130,2w4wpx,"Lower back pain and blood in semen","Results should discuss the causes of blood in semen or emergency presentations that may present with blood in semen. Results should be specific to a young male. Side effects of the drugs Methocarbamol or Ibuprofen should be included if they have been shown to be associated with blood in the semen.",clueweb12-0008wb-87-02519
130,2w4wpx,"Lower back pain and blood in semen","Results should discuss the causes of blood in semen or emergency presentations that may present with blood in semen. Results should be specific to a young male. Side effects of the drugs Methocarbamol or Ibuprofen should be included if they have been shown to be associated with blood in the semen.",clueweb12-0509wb-49-27048
130,2w4wpx,"Lower back pain and blood in semen","Results should discuss the causes of blood in semen or emergency presentations that may present with blood in semen. Results should be specific to a young male. Side effects of the drugs Methocarbamol or Ibuprofen should be included if they have been shown to be associated with blood in the semen.",clueweb12-1805wb-68-00509
130,2w4wpx,"Lower back pain and blood in semen","Results should discuss the causes of blood in semen or emergency presentations that may present with blood in semen. Results should be specific to a young male. Side effects of the drugs Methocarbamol or Ibuprofen should be included if they have been shown to be associated with blood in the semen.",clueweb12-0009wb-57-03457
130,2w4wpx,"Lower back pain and blood in semen","Results should discuss the causes of blood in semen or emergency presentations that may present with blood in semen. Results should be specific to a young male. Side effects of the drugs Methocarbamol or Ibuprofen should be included if they have been shown to be associated with blood in the semen.",clueweb12-0010wb-23-31486
130,2w4wpx,"Lower back pain and blood in semen","Results should discuss the causes of blood in semen or emergency presentations that may present with blood in semen. Results should be specific to a young male. Side effects of the drugs Methocarbamol or Ibuprofen should be included if they have been shown to be associated with blood in the semen.",clueweb12-1805wb-91-16213
130,2w4wpx,"Lower back pain and blood in semen","Results should discuss the causes of blood in semen or emergency presentations that may present with blood in semen. Results should be specific to a young male. Side effects of the drugs Methocarbamol or Ibuprofen should be included if they have been shown to be associated with blood in the semen.",clueweb12-0010wb-46-09105
130,2w4wpx,"Lower back pain and blood in semen","Results should discuss the causes of blood in semen or emergency presentations that may present with blood in semen. Results should be specific to a young male. Side effects of the drugs Methocarbamol or Ibuprofen should be included if they have been shown to be associated with blood in the semen.",clueweb12-0600tw-44-02467
130,2w4wpx,"Lower back pain and blood in semen","Results should discuss the causes of blood in semen or emergency presentations that may present with blood in semen. Results should be specific to a young male. Side effects of the drugs Methocarbamol or Ibuprofen should be included if they have been shown to be associated with blood in the semen.",clueweb12-0011wb-09-07785
130,2w4wpx,"Lower back pain and blood in semen","Results should discuss the causes of blood in semen or emergency presentations that may present with blood in semen. Results should be specific to a young male. Side effects of the drugs Methocarbamol or Ibuprofen should be included if they have been shown to be associated with blood in the semen.",clueweb12-1806wb-52-19359
130,2w4wpx,"Lower back pain and blood in semen","Results should discuss the causes of blood in semen or emergency presentations that may present with blood in semen. Results should be specific to a young male. Side effects of the drugs Methocarbamol or Ibuprofen should be included if they have been shown to be associated with blood in the semen.",clueweb12-0011wb-32-13721
130,2w4wpx,"Lower back pain and blood in semen","Results should discuss the causes of blood in semen or emergency presentations that may present with blood in semen. Results should be specific to a young male. Side effects of the drugs Methocarbamol or Ibuprofen should be included if they have been shown to be associated with blood in the semen.",clueweb12-0601wb-35-05728
130,2w4wpx,"Lower back pain and blood in semen","Results should discuss the causes of blood in semen or emergency presentations that may present with blood in semen. Results should be specific to a young male. Side effects of the drugs Methocarbamol or Ibuprofen should be included if they have been shown to be associated with blood in the semen.",clueweb12-0601wb-39-05979
130,2w4wpx,"Lower back pain and blood in semen","Results should discuss the causes of blood in semen or emergency presentations that may present with blood in semen. Results should be specific to a young male. Side effects of the drugs Methocarbamol or Ibuprofen should be included if they have been shown to be associated with blood in the semen.",clueweb12-0601wb-47-11905
130,2w4wpx,"Lower back pain and blood in semen","Results should discuss the causes of blood in semen or emergency presentations that may present with blood in semen. Results should be specific to a young male. Side effects of the drugs Methocarbamol or Ibuprofen should be included if they have been shown to be associated with blood in the semen.",clueweb12-0012wb-25-19814
130,2w4wpx,"Lower back pain and blood in semen","Results should discuss the causes of blood in semen or emergency presentations that may present with blood in semen. Results should be specific to a young male. Side effects of the drugs Methocarbamol or Ibuprofen should be included if they have been shown to be associated with blood in the semen.",clueweb12-1806wb-97-01570
130,2w4wpx,"Lower back pain and blood in semen","Results should discuss the causes of blood in semen or emergency presentations that may present with blood in semen. Results should be specific to a young male. Side effects of the drugs Methocarbamol or Ibuprofen should be included if they have been shown to be associated with blood in the semen.",clueweb12-0601wb-87-10984
130,2w4wpx,"Lower back pain and blood in semen","Results should discuss the causes of blood in semen or emergency presentations that may present with blood in semen. Results should be specific to a young male. Side effects of the drugs Methocarbamol or Ibuprofen should be included if they have been shown to be associated with blood in the semen.",clueweb12-0012wb-69-24315
130,2w4wpx,"Lower back pain and blood in semen","Results should discuss the causes of blood in semen or emergency presentations that may present with blood in semen. Results should be specific to a young male. Side effects of the drugs Methocarbamol or Ibuprofen should be included if they have been shown to be associated with blood in the semen.",clueweb12-0604wb-60-11217
130,2w4wpx,"Lower back pain and blood in semen","Results should discuss the causes of blood in semen or emergency presentations that may present with blood in semen. Results should be specific to a young male. Side effects of the drugs Methocarbamol or Ibuprofen should be included if they have been shown to be associated with blood in the semen.",clueweb12-0012wb-80-27458
130,2w4wpx,"Lower back pain and blood in semen","Results should discuss the causes of blood in semen or emergency presentations that may present with blood in semen. Results should be specific to a young male. Side effects of the drugs Methocarbamol or Ibuprofen should be included if they have been shown to be associated with blood in the semen.",clueweb12-0013wb-27-26915
130,2w4wpx,"Lower back pain and blood in semen","Results should discuss the causes of blood in semen or emergency presentations that may present with blood in semen. Results should be specific to a young male. Side effects of the drugs Methocarbamol or Ibuprofen should be included if they have been shown to be associated with blood in the semen.",clueweb12-0604wb-61-16672
130,2w4wpx,"Lower back pain and blood in semen","Results should discuss the causes of blood in semen or emergency presentations that may present with blood in semen. Results should be specific to a young male. Side effects of the drugs Methocarbamol or Ibuprofen should be included if they have been shown to be associated with blood in the semen.",clueweb12-0605wb-94-09912
130,2w4wpx,"Lower back pain and blood in semen","Results should discuss the causes of blood in semen or emergency presentations that may present with blood in semen. Results should be specific to a young male. Side effects of the drugs Methocarbamol or Ibuprofen should be included if they have been shown to be associated with blood in the semen.",clueweb12-0100tw-39-06848
130,2w4wpx,"Lower back pain and blood in semen","Results should discuss the causes of blood in semen or emergency presentations that may present with blood in semen. Results should be specific to a young male. Side effects of the drugs Methocarbamol or Ibuprofen should be included if they have been shown to be associated with blood in the semen.",clueweb12-0607wb-61-18953
130,2w4wpx,"Lower back pain and blood in semen","Results should discuss the causes of blood in semen or emergency presentations that may present with blood in semen. Results should be specific to a young male. Side effects of the drugs Methocarbamol or Ibuprofen should be included if they have been shown to be associated with blood in the semen.",clueweb12-1809wb-26-21977
130,2w4wpx,"Lower back pain and blood in semen","Results should discuss the causes of blood in semen or emergency presentations that may present with blood in semen. Results should be specific to a young male. Side effects of the drugs Methocarbamol or Ibuprofen should be included if they have been shown to be associated with blood in the semen.",clueweb12-0100wb-61-30075
130,2w4wpx,"Lower back pain and blood in semen","Results should discuss the causes of blood in semen or emergency presentations that may present with blood in semen. Results should be specific to a young male. Side effects of the drugs Methocarbamol or Ibuprofen should be included if they have been shown to be associated with blood in the semen.",clueweb12-0100wb-72-02281
130,2w4wpx,"Lower back pain and blood in semen","Results should discuss the causes of blood in semen or emergency presentations that may present with blood in semen. Results should be specific to a young male. Side effects of the drugs Methocarbamol or Ibuprofen should be included if they have been shown to be associated with blood in the semen.",clueweb12-0607wb-84-29358
130,2w4wpx,"Lower back pain and blood in semen","Results should discuss the causes of blood in semen or emergency presentations that may present with blood in semen. Results should be specific to a young male. Side effects of the drugs Methocarbamol or Ibuprofen should be included if they have been shown to be associated with blood in the semen.",clueweb12-0609wb-61-28569
130,2w4wpx,"Lower back pain and blood in semen","Results should discuss the causes of blood in semen or emergency presentations that may present with blood in semen. Results should be specific to a young male. Side effects of the drugs Methocarbamol or Ibuprofen should be included if they have been shown to be associated with blood in the semen.",clueweb12-0610wb-68-32753
130,2w4wpx,"Lower back pain and blood in semen","Results should discuss the causes of blood in semen or emergency presentations that may present with blood in semen. Results should be specific to a young male. Side effects of the drugs Methocarbamol or Ibuprofen should be included if they have been shown to be associated with blood in the semen.",clueweb12-0612wb-81-15240
130,2w4wpx,"Lower back pain and blood in semen","Results should discuss the causes of blood in semen or emergency presentations that may present with blood in semen. Results should be specific to a young male. Side effects of the drugs Methocarbamol or Ibuprofen should be included if they have been shown to be associated with blood in the semen.",clueweb12-0700tw-33-02642
130,2w4wpx,"Lower back pain and blood in semen","Results should discuss the causes of blood in semen or emergency presentations that may present with blood in semen. Results should be specific to a young male. Side effects of the drugs Methocarbamol or Ibuprofen should be included if they have been shown to be associated with blood in the semen.",clueweb12-0102wb-71-30212
130,2w4wpx,"Lower back pain and blood in semen","Results should discuss the causes of blood in semen or emergency presentations that may present with blood in semen. Results should be specific to a young male. Side effects of the drugs Methocarbamol or Ibuprofen should be included if they have been shown to be associated with blood in the semen.",clueweb12-1809wb-55-05869
130,2w4wpx,"Lower back pain and blood in semen","Results should discuss the causes of blood in semen or emergency presentations that may present with blood in semen. Results should be specific to a young male. Side effects of the drugs Methocarbamol or Ibuprofen should be included if they have been shown to be associated with blood in the semen.",clueweb12-0700wb-66-03940
130,2w4wpx,"Lower back pain and blood in semen","Results should discuss the causes of blood in semen or emergency presentations that may present with blood in semen. Results should be specific to a young male. Side effects of the drugs Methocarbamol or Ibuprofen should be included if they have been shown to be associated with blood in the semen.",clueweb12-0700wb-66-22575
130,2w4wpx,"Lower back pain and blood in semen","Results should discuss the causes of blood in semen or emergency presentations that may present with blood in semen. Results should be specific to a young male. Side effects of the drugs Methocarbamol or Ibuprofen should be included if they have been shown to be associated with blood in the semen.",clueweb12-0103wb-06-20186
130,2w4wpx,"Lower back pain and blood in semen","Results should discuss the causes of blood in semen or emergency presentations that may present with blood in semen. Results should be specific to a young male. Side effects of the drugs Methocarbamol or Ibuprofen should be included if they have been shown to be associated with blood in the semen.",clueweb12-0103wb-35-08904
130,2w4wpx,"Lower back pain and blood in semen","Results should discuss the causes of blood in semen or emergency presentations that may present with blood in semen. Results should be specific to a young male. Side effects of the drugs Methocarbamol or Ibuprofen should be included if they have been shown to be associated with blood in the semen.",clueweb12-0702wb-32-21182
130,2w4wpx,"Lower back pain and blood in semen","Results should discuss the causes of blood in semen or emergency presentations that may present with blood in semen. Results should be specific to a young male. Side effects of the drugs Methocarbamol or Ibuprofen should be included if they have been shown to be associated with blood in the semen.",clueweb12-0103wb-37-25905
130,2w4wpx,"Lower back pain and blood in semen","Results should discuss the causes of blood in semen or emergency presentations that may present with blood in semen. Results should be specific to a young male. Side effects of the drugs Methocarbamol or Ibuprofen should be included if they have been shown to be associated with blood in the semen.",clueweb12-0103wb-39-03781
130,2w4wpx,"Lower back pain and blood in semen","Results should discuss the causes of blood in semen or emergency presentations that may present with blood in semen. Results should be specific to a young male. Side effects of the drugs Methocarbamol or Ibuprofen should be included if they have been shown to be associated with blood in the semen.",clueweb12-0703wb-71-14499
130,2w4wpx,"Lower back pain and blood in semen","Results should discuss the causes of blood in semen or emergency presentations that may present with blood in semen. Results should be specific to a young male. Side effects of the drugs Methocarbamol or Ibuprofen should be included if they have been shown to be associated with blood in the semen.",clueweb12-0104wb-12-21859
130,2w4wpx,"Lower back pain and blood in semen","Results should discuss the causes of blood in semen or emergency presentations that may present with blood in semen. Results should be specific to a young male. Side effects of the drugs Methocarbamol or Ibuprofen should be included if they have been shown to be associated with blood in the semen.",clueweb12-0704wb-14-31461
130,2w4wpx,"Lower back pain and blood in semen","Results should discuss the causes of blood in semen or emergency presentations that may present with blood in semen. Results should be specific to a young male. Side effects of the drugs Methocarbamol or Ibuprofen should be included if they have been shown to be associated with blood in the semen.",clueweb12-0104wb-44-22319
130,2w4wpx,"Lower back pain and blood in semen","Results should discuss the causes of blood in semen or emergency presentations that may present with blood in semen. Results should be specific to a young male. Side effects of the drugs Methocarbamol or Ibuprofen should be included if they have been shown to be associated with blood in the semen.",clueweb12-0104wb-49-18658
130,2w4wpx,"Lower back pain and blood in semen","Results should discuss the causes of blood in semen or emergency presentations that may present with blood in semen. Results should be specific to a young male. Side effects of the drugs Methocarbamol or Ibuprofen should be included if they have been shown to be associated with blood in the semen.",clueweb12-0705wb-09-04926
130,2w4wpx,"Lower back pain and blood in semen","Results should discuss the causes of blood in semen or emergency presentations that may present with blood in semen. Results should be specific to a young male. Side effects of the drugs Methocarbamol or Ibuprofen should be included if they have been shown to be associated with blood in the semen.",clueweb12-0105wb-49-13857
130,2w4wpx,"Lower back pain and blood in semen","Results should discuss the causes of blood in semen or emergency presentations that may present with blood in semen. Results should be specific to a young male. Side effects of the drugs Methocarbamol or Ibuprofen should be included if they have been shown to be associated with blood in the semen.",clueweb12-0105wb-65-06867
130,2w4wpx,"Lower back pain and blood in semen","Results should discuss the causes of blood in semen or emergency presentations that may present with blood in semen. Results should be specific to a young male. Side effects of the drugs Methocarbamol or Ibuprofen should be included if they have been shown to be associated with blood in the semen.",clueweb12-0106wb-91-02325
130,2w4wpx,"Lower back pain and blood in semen","Results should discuss the causes of blood in semen or emergency presentations that may present with blood in semen. Results should be specific to a young male. Side effects of the drugs Methocarbamol or Ibuprofen should be included if they have been shown to be associated with blood in the semen.",clueweb12-1810wb-25-06121
130,2w4wpx,"Lower back pain and blood in semen","Results should discuss the causes of blood in semen or emergency presentations that may present with blood in semen. Results should be specific to a young male. Side effects of the drugs Methocarbamol or Ibuprofen should be included if they have been shown to be associated with blood in the semen.",clueweb12-0106wb-93-16036
130,2w4wpx,"Lower back pain and blood in semen","Results should discuss the causes of blood in semen or emergency presentations that may present with blood in semen. Results should be specific to a young male. Side effects of the drugs Methocarbamol or Ibuprofen should be included if they have been shown to be associated with blood in the semen.",clueweb12-0711wb-27-04594
130,2w4wpx,"Lower back pain and blood in semen","Results should discuss the causes of blood in semen or emergency presentations that may present with blood in semen. Results should be specific to a young male. Side effects of the drugs Methocarbamol or Ibuprofen should be included if they have been shown to be associated with blood in the semen.",clueweb12-1810wb-91-10319
130,2w4wpx,"Lower back pain and blood in semen","Results should discuss the causes of blood in semen or emergency presentations that may present with blood in semen. Results should be specific to a young male. Side effects of the drugs Methocarbamol or Ibuprofen should be included if they have been shown to be associated with blood in the semen.",clueweb12-0107wb-05-03363
130,2w4wpx,"Lower back pain and blood in semen","Results should discuss the causes of blood in semen or emergency presentations that may present with blood in semen. Results should be specific to a young male. Side effects of the drugs Methocarbamol or Ibuprofen should be included if they have been shown to be associated with blood in the semen.",clueweb12-0107wb-53-01709
130,2w4wpx,"Lower back pain and blood in semen","Results should discuss the causes of blood in semen or emergency presentations that may present with blood in semen. Results should be specific to a young male. Side effects of the drugs Methocarbamol or Ibuprofen should be included if they have been shown to be associated with blood in the semen.",clueweb12-1811wb-54-28370
130,2w4wpx,"Lower back pain and blood in semen","Results should discuss the causes of blood in semen or emergency presentations that may present with blood in semen. Results should be specific to a young male. Side effects of the drugs Methocarbamol or Ibuprofen should be included if they have been shown to be associated with blood in the semen.",clueweb12-0714wb-69-25428
130,2w4wpx,"Lower back pain and blood in semen","Results should discuss the causes of blood in semen or emergency presentations that may present with blood in semen. Results should be specific to a young male. Side effects of the drugs Methocarbamol or Ibuprofen should be included if they have been shown to be associated with blood in the semen.",clueweb12-1811wb-66-01833
130,2w4wpx,"Lower back pain and blood in semen","Results should discuss the causes of blood in semen or emergency presentations that may present with blood in semen. Results should be specific to a young male. Side effects of the drugs Methocarbamol or Ibuprofen should be included if they have been shown to be associated with blood in the semen.",clueweb12-1812wb-16-09553
130,2w4wpx,"Lower back pain and blood in semen","Results should discuss the causes of blood in semen or emergency presentations that may present with blood in semen. Results should be specific to a young male. Side effects of the drugs Methocarbamol or Ibuprofen should be included if they have been shown to be associated with blood in the semen.",clueweb12-0806wb-28-07273
130,2w4wpx,"Lower back pain and blood in semen","Results should discuss the causes of blood in semen or emergency presentations that may present with blood in semen. Results should be specific to a young male. Side effects of the drugs Methocarbamol or Ibuprofen should be included if they have been shown to be associated with blood in the semen.",clueweb12-1812wb-63-08415
130,2w4wpx,"Lower back pain and blood in semen","Results should discuss the causes of blood in semen or emergency presentations that may present with blood in semen. Results should be specific to a young male. Side effects of the drugs Methocarbamol or Ibuprofen should be included if they have been shown to be associated with blood in the semen.",clueweb12-0807wb-21-22095
130,2w4wpx,"Lower back pain and blood in semen","Results should discuss the causes of blood in semen or emergency presentations that may present with blood in semen. Results should be specific to a young male. Side effects of the drugs Methocarbamol or Ibuprofen should be included if they have been shown to be associated with blood in the semen.",clueweb12-0809wb-86-25476
130,2w4wpx,"Lower back pain and blood in semen","Results should discuss the causes of blood in semen or emergency presentations that may present with blood in semen. Results should be specific to a young male. Side effects of the drugs Methocarbamol or Ibuprofen should be included if they have been shown to be associated with blood in the semen.",clueweb12-0108wb-64-31186
130,2w4wpx,"Lower back pain and blood in semen","Results should discuss the causes of blood in semen or emergency presentations that may present with blood in semen. Results should be specific to a young male. Side effects of the drugs Methocarbamol or Ibuprofen should be included if they have been shown to be associated with blood in the semen.",clueweb12-1813wb-99-15193
130,2w4wpx,"Lower back pain and blood in semen","Results should discuss the causes of blood in semen or emergency presentations that may present with blood in semen. Results should be specific to a young male. Side effects of the drugs Methocarbamol or Ibuprofen should be included if they have been shown to be associated with blood in the semen.",clueweb12-0811wb-65-04455
130,2w4wpx,"Lower back pain and blood in semen","Results should discuss the causes of blood in semen or emergency presentations that may present with blood in semen. Results should be specific to a young male. Side effects of the drugs Methocarbamol or Ibuprofen should be included if they have been shown to be associated with blood in the semen.",clueweb12-0813wb-87-23109
130,2w4wpx,"Lower back pain and blood in semen","Results should discuss the causes of blood in semen or emergency presentations that may present with blood in semen. Results should be specific to a young male. Side effects of the drugs Methocarbamol or Ibuprofen should be included if they have been shown to be associated with blood in the semen.",clueweb12-1814wb-25-21780
130,2w4wpx,"Lower back pain and blood in semen","Results should discuss the causes of blood in semen or emergency presentations that may present with blood in semen. Results should be specific to a young male. Side effects of the drugs Methocarbamol or Ibuprofen should be included if they have been shown to be associated with blood in the semen.",clueweb12-0109wb-28-11259
130,2w4wpx,"Lower back pain and blood in semen","Results should discuss the causes of blood in semen or emergency presentations that may present with blood in semen. Results should be specific to a young male. Side effects of the drugs Methocarbamol or Ibuprofen should be included if they have been shown to be associated with blood in the semen.",clueweb12-0815wb-01-16689
130,2w4wpx,"Lower back pain and blood in semen","Results should discuss the causes of blood in semen or emergency presentations that may present with blood in semen. Results should be specific to a young male. Side effects of the drugs Methocarbamol or Ibuprofen should be included if they have been shown to be associated with blood in the semen.",clueweb12-0815wb-63-12692
130,2w4wpx,"Lower back pain and blood in semen","Results should discuss the causes of blood in semen or emergency presentations that may present with blood in semen. Results should be specific to a young male. Side effects of the drugs Methocarbamol or Ibuprofen should be included if they have been shown to be associated with blood in the semen.",clueweb12-0815wb-95-26899
130,2w4wpx,"Lower back pain and blood in semen","Results should discuss the causes of blood in semen or emergency presentations that may present with blood in semen. Results should be specific to a young male. Side effects of the drugs Methocarbamol or Ibuprofen should be included if they have been shown to be associated with blood in the semen.",clueweb12-1815wb-20-18884
130,2w4wpx,"Lower back pain and blood in semen","Results should discuss the causes of blood in semen or emergency presentations that may present with blood in semen. Results should be specific to a young male. Side effects of the drugs Methocarbamol or Ibuprofen should be included if they have been shown to be associated with blood in the semen.",clueweb12-0110wb-45-18342
130,2w4wpx,"Lower back pain and blood in semen","Results should discuss the causes of blood in semen or emergency presentations that may present with blood in semen. Results should be specific to a young male. Side effects of the drugs Methocarbamol or Ibuprofen should be included if they have been shown to be associated with blood in the semen.",clueweb12-0111wb-56-19777
130,2w4wpx,"Lower back pain and blood in semen","Results should discuss the causes of blood in semen or emergency presentations that may present with blood in semen. Results should be specific to a young male. Side effects of the drugs Methocarbamol or Ibuprofen should be included if they have been shown to be associated with blood in the semen.",clueweb12-0817wb-90-15112
130,2w4wpx,"Lower back pain and blood in semen","Results should discuss the causes of blood in semen or emergency presentations that may present with blood in semen. Results should be specific to a young male. Side effects of the drugs Methocarbamol or Ibuprofen should be included if they have been shown to be associated with blood in the semen.",clueweb12-0112wb-64-19834
130,2w4wpx,"Lower back pain and blood in semen","Results should discuss the causes of blood in semen or emergency presentations that may present with blood in semen. Results should be specific to a young male. Side effects of the drugs Methocarbamol or Ibuprofen should be included if they have been shown to be associated with blood in the semen.",clueweb12-0900tw-69-10810
130,2w4wpx,"Lower back pain and blood in semen","Results should discuss the causes of blood in semen or emergency presentations that may present with blood in semen. Results should be specific to a young male. Side effects of the drugs Methocarbamol or Ibuprofen should be included if they have been shown to be associated with blood in the semen.",clueweb12-0900wb-54-15901
130,2w4wpx,"Lower back pain and blood in semen","Results should discuss the causes of blood in semen or emergency presentations that may present with blood in semen. Results should be specific to a young male. Side effects of the drugs Methocarbamol or Ibuprofen should be included if they have been shown to be associated with blood in the semen.",clueweb12-0200wb-28-21492
130,2w4wpx,"Lower back pain and blood in semen","Results should discuss the causes of blood in semen or emergency presentations that may present with blood in semen. Results should be specific to a young male. Side effects of the drugs Methocarbamol or Ibuprofen should be included if they have been shown to be associated with blood in the semen.",clueweb12-1904wb-33-13164
130,2w4wpx,"Lower back pain and blood in semen","Results should discuss the causes of blood in semen or emergency presentations that may present with blood in semen. Results should be specific to a young male. Side effects of the drugs Methocarbamol or Ibuprofen should be included if they have been shown to be associated with blood in the semen.",clueweb12-0200wb-92-17244
130,2w4wpx,"Lower back pain and blood in semen","Results should discuss the causes of blood in semen or emergency presentations that may present with blood in semen. Results should be specific to a young male. Side effects of the drugs Methocarbamol or Ibuprofen should be included if they have been shown to be associated with blood in the semen.",clueweb12-1905wb-78-04302
130,2w4wpx,"Lower back pain and blood in semen","Results should discuss the causes of blood in semen or emergency presentations that may present with blood in semen. Results should be specific to a young male. Side effects of the drugs Methocarbamol or Ibuprofen should be included if they have been shown to be associated with blood in the semen.",clueweb12-0903wb-91-10513
130,2w4wpx,"Lower back pain and blood in semen","Results should discuss the causes of blood in semen or emergency presentations that may present with blood in semen. Results should be specific to a young male. Side effects of the drugs Methocarbamol or Ibuprofen should be included if they have been shown to be associated with blood in the semen.",clueweb12-1905wb-90-17828
130,2w4wpx,"Lower back pain and blood in semen","Results should discuss the causes of blood in semen or emergency presentations that may present with blood in semen. Results should be specific to a young male. Side effects of the drugs Methocarbamol or Ibuprofen should be included if they have been shown to be associated with blood in the semen.",clueweb12-0908wb-98-24889
130,2w4wpx,"Lower back pain and blood in semen","Results should discuss the causes of blood in semen or emergency presentations that may present with blood in semen. Results should be specific to a young male. Side effects of the drugs Methocarbamol or Ibuprofen should be included if they have been shown to be associated with blood in the semen.",clueweb12-0201wb-31-14813
130,2w4wpx,"Lower back pain and blood in semen","Results should discuss the causes of blood in semen or emergency presentations that may present with blood in semen. Results should be specific to a young male. Side effects of the drugs Methocarbamol or Ibuprofen should be included if they have been shown to be associated with blood in the semen.",clueweb12-1906wb-44-11152
130,2w4wpx,"Lower back pain and blood in semen","Results should discuss the causes of blood in semen or emergency presentations that may present with blood in semen. Results should be specific to a young male. Side effects of the drugs Methocarbamol or Ibuprofen should be included if they have been shown to be associated with blood in the semen.",clueweb12-0913wb-75-24871
130,2w4wpx,"Lower back pain and blood in semen","Results should discuss the causes of blood in semen or emergency presentations that may present with blood in semen. Results should be specific to a young male. Side effects of the drugs Methocarbamol or Ibuprofen should be included if they have been shown to be associated with blood in the semen.",clueweb12-0201wb-52-04694
130,2w4wpx,"Lower back pain and blood in semen","Results should discuss the causes of blood in semen or emergency presentations that may present with blood in semen. Results should be specific to a young male. Side effects of the drugs Methocarbamol or Ibuprofen should be included if they have been shown to be associated with blood in the semen.",clueweb12-0916wb-04-13399
130,2w4wpx,"Lower back pain and blood in semen","Results should discuss the causes of blood in semen or emergency presentations that may present with blood in semen. Results should be specific to a young male. Side effects of the drugs Methocarbamol or Ibuprofen should be included if they have been shown to be associated with blood in the semen.",clueweb12-0201wb-87-07495
130,2w4wpx,"Lower back pain and blood in semen","Results should discuss the causes of blood in semen or emergency presentations that may present with blood in semen. Results should be specific to a young male. Side effects of the drugs Methocarbamol or Ibuprofen should be included if they have been shown to be associated with blood in the semen.",clueweb12-0916wb-38-05220
130,2w4wpx,"Lower back pain and blood in semen","Results should discuss the causes of blood in semen or emergency presentations that may present with blood in semen. Results should be specific to a young male. Side effects of the drugs Methocarbamol or Ibuprofen should be included if they have been shown to be associated with blood in the semen.",clueweb12-0201wb-90-25416
130,2w4wpx,"Lower back pain and blood in semen","Results should discuss the causes of blood in semen or emergency presentations that may present with blood in semen. Results should be specific to a young male. Side effects of the drugs Methocarbamol or Ibuprofen should be included if they have been shown to be associated with blood in the semen.",clueweb12-1908wb-09-19244
130,2w4wpx,"Lower back pain and blood in semen","Results should discuss the causes of blood in semen or emergency presentations that may present with blood in semen. Results should be specific to a young male. Side effects of the drugs Methocarbamol or Ibuprofen should be included if they have been shown to be associated with blood in the semen.",clueweb12-1006wb-60-23878
130,2w4wpx,"Lower back pain and blood in semen","Results should discuss the causes of blood in semen or emergency presentations that may present with blood in semen. Results should be specific to a young male. Side effects of the drugs Methocarbamol or Ibuprofen should be included if they have been shown to be associated with blood in the semen.",clueweb12-1909wb-13-25535
130,2w4wpx,"Lower back pain and blood in semen","Results should discuss the causes of blood in semen or emergency presentations that may present with blood in semen. Results should be specific to a young male. Side effects of the drugs Methocarbamol or Ibuprofen should be included if they have been shown to be associated with blood in the semen.",clueweb12-1009wb-44-13814
130,2w4wpx,"Lower back pain and blood in semen","Results should discuss the causes of blood in semen or emergency presentations that may present with blood in semen. Results should be specific to a young male. Side effects of the drugs Methocarbamol or Ibuprofen should be included if they have been shown to be associated with blood in the semen.",clueweb12-0202wb-14-00293
130,2w4wpx,"Lower back pain and blood in semen","Results should discuss the causes of blood in semen or emergency presentations that may present with blood in semen. Results should be specific to a young male. Side effects of the drugs Methocarbamol or Ibuprofen should be included if they have been shown to be associated with blood in the semen.",clueweb12-1012wb-68-18001
130,2w4wpx,"Lower back pain and blood in semen","Results should discuss the causes of blood in semen or emergency presentations that may present with blood in semen. Results should be specific to a young male. Side effects of the drugs Methocarbamol or Ibuprofen should be included if they have been shown to be associated with blood in the semen.",clueweb12-0202wb-16-10845
130,2w4wpx,"Lower back pain and blood in semen","Results should discuss the causes of blood in semen or emergency presentations that may present with blood in semen. Results should be specific to a young male. Side effects of the drugs Methocarbamol or Ibuprofen should be included if they have been shown to be associated with blood in the semen.",clueweb12-1013wb-02-17973
130,2w4wpx,"Lower back pain and blood in semen","Results should discuss the causes of blood in semen or emergency presentations that may present with blood in semen. Results should be specific to a young male. Side effects of the drugs Methocarbamol or Ibuprofen should be included if they have been shown to be associated with blood in the semen.",clueweb12-0202wb-57-15252
130,2w4wpx,"Lower back pain and blood in semen","Results should discuss the causes of blood in semen or emergency presentations that may present with blood in semen. Results should be specific to a young male. Side effects of the drugs Methocarbamol or Ibuprofen should be included if they have been shown to be associated with blood in the semen.",clueweb12-1101wb-61-13069
130,2w4wpx,"Lower back pain and blood in semen","Results should discuss the causes of blood in semen or emergency presentations that may present with blood in semen. Results should be specific to a young male. Side effects of the drugs Methocarbamol or Ibuprofen should be included if they have been shown to be associated with blood in the semen.",clueweb12-0202wb-84-29733
130,2w4wpx,"Lower back pain and blood in semen","Results should discuss the causes of blood in semen or emergency presentations that may present with blood in semen. Results should be specific to a young male. Side effects of the drugs Methocarbamol or Ibuprofen should be included if they have been shown to be associated with blood in the semen.",clueweb12-1103wb-89-08995
130,2w4wpx,"Lower back pain and blood in semen","Results should discuss the causes of blood in semen or emergency presentations that may present with blood in semen. Results should be specific to a young male. Side effects of the drugs Methocarbamol or Ibuprofen should be included if they have been shown to be associated with blood in the semen.",clueweb12-0203wb-43-04175
130,2w4wpx,"Lower back pain and blood in semen","Results should discuss the causes of blood in semen or emergency presentations that may present with blood in semen. Results should be specific to a young male. Side effects of the drugs Methocarbamol or Ibuprofen should be included if they have been shown to be associated with blood in the semen.",clueweb12-1105wb-62-15847
130,2w4wpx,"Lower back pain and blood in semen","Results should discuss the causes of blood in semen or emergency presentations that may present with blood in semen. Results should be specific to a young male. Side effects of the drugs Methocarbamol or Ibuprofen should be included if they have been shown to be associated with blood in the semen.",clueweb12-1106wb-66-17162
130,2w4wpx,"Lower back pain and blood in semen","Results should discuss the causes of blood in semen or emergency presentations that may present with blood in semen. Results should be specific to a young male. Side effects of the drugs Methocarbamol or Ibuprofen should be included if they have been shown to be associated with blood in the semen.",clueweb12-0204wb-42-03994
130,2w4wpx,"Lower back pain and blood in semen","Results should discuss the causes of blood in semen or emergency presentations that may present with blood in semen. Results should be specific to a young male. Side effects of the drugs Methocarbamol or Ibuprofen should be included if they have been shown to be associated with blood in the semen.",clueweb12-0204wb-57-31326
130,2w4wpx,"Lower back pain and blood in semen","Results should discuss the causes of blood in semen or emergency presentations that may present with blood in semen. Results should be specific to a young male. Side effects of the drugs Methocarbamol or Ibuprofen should be included if they have been shown to be associated with blood in the semen.",clueweb12-0205wb-60-18074
130,2w4wpx,"Lower back pain and blood in semen","Results should discuss the causes of blood in semen or emergency presentations that may present with blood in semen. Results should be specific to a young male. Side effects of the drugs Methocarbamol or Ibuprofen should be included if they have been shown to be associated with blood in the semen.",clueweb12-1111wb-45-05012
130,2w4wpx,"Lower back pain and blood in semen","Results should discuss the causes of blood in semen or emergency presentations that may present with blood in semen. Results should be specific to a young male. Side effects of the drugs Methocarbamol or Ibuprofen should be included if they have been shown to be associated with blood in the semen.",clueweb12-0206wb-21-13926
130,2w4wpx,"Lower back pain and blood in semen","Results should discuss the causes of blood in semen or emergency presentations that may present with blood in semen. Results should be specific to a young male. Side effects of the drugs Methocarbamol or Ibuprofen should be included if they have been shown to be associated with blood in the semen.",clueweb12-1911wb-64-15020
130,2w4wpx,"Lower back pain and blood in semen","Results should discuss the causes of blood in semen or emergency presentations that may present with blood in semen. Results should be specific to a young male. Side effects of the drugs Methocarbamol or Ibuprofen should be included if they have been shown to be associated with blood in the semen.",clueweb12-1911wb-64-15063
130,2w4wpx,"Lower back pain and blood in semen","Results should discuss the causes of blood in semen or emergency presentations that may present with blood in semen. Results should be specific to a young male. Side effects of the drugs Methocarbamol or Ibuprofen should be included if they have been shown to be associated with blood in the semen.",clueweb12-0207wb-73-01162
130,2w4wpx,"Lower back pain and blood in semen","Results should discuss the causes of blood in semen or emergency presentations that may present with blood in semen. Results should be specific to a young male. Side effects of the drugs Methocarbamol or Ibuprofen should be included if they have been shown to be associated with blood in the semen.",clueweb12-1911wb-68-23322
130,2w4wpx,"Lower back pain and blood in semen","Results should discuss the causes of blood in semen or emergency presentations that may present with blood in semen. Results should be specific to a young male. Side effects of the drugs Methocarbamol or Ibuprofen should be included if they have been shown to be associated with blood in the semen.",clueweb12-0208wb-15-17970
130,2w4wpx,"Lower back pain and blood in semen","Results should discuss the causes of blood in semen or emergency presentations that may present with blood in semen. Results should be specific to a young male. Side effects of the drugs Methocarbamol or Ibuprofen should be included if they have been shown to be associated with blood in the semen.",clueweb12-0208wb-20-02198
130,2w4wpx,"Lower back pain and blood in semen","Results should discuss the causes of blood in semen or emergency presentations that may present with blood in semen. Results should be specific to a young male. Side effects of the drugs Methocarbamol or Ibuprofen should be included if they have been shown to be associated with blood in the semen.",clueweb12-1911wb-76-21410
130,2w4wpx,"Lower back pain and blood in semen","Results should discuss the causes of blood in semen or emergency presentations that may present with blood in semen. Results should be specific to a young male. Side effects of the drugs Methocarbamol or Ibuprofen should be included if they have been shown to be associated with blood in the semen.",clueweb12-0209wb-27-19868
130,2w4wpx,"Lower back pain and blood in semen","Results should discuss the causes of blood in semen or emergency presentations that may present with blood in semen. Results should be specific to a young male. Side effects of the drugs Methocarbamol or Ibuprofen should be included if they have been shown to be associated with blood in the semen.",clueweb12-0209wb-42-04471
130,2w4wpx,"Lower back pain and blood in semen","Results should discuss the causes of blood in semen or emergency presentations that may present with blood in semen. Results should be specific to a young male. Side effects of the drugs Methocarbamol or Ibuprofen should be included if they have been shown to be associated with blood in the semen.",clueweb12-1911wb-91-33296
130,2w4wpx,"Lower back pain and blood in semen","Results should discuss the causes of blood in semen or emergency presentations that may present with blood in semen. Results should be specific to a young male. Side effects of the drugs Methocarbamol or Ibuprofen should be included if they have been shown to be associated with blood in the semen.",clueweb12-0209wb-88-09930
130,2w4wpx,"Lower back pain and blood in semen","Results should discuss the causes of blood in semen or emergency presentations that may present with blood in semen. Results should be specific to a young male. Side effects of the drugs Methocarbamol or Ibuprofen should be included if they have been shown to be associated with blood in the semen.",clueweb12-1116wb-60-21104
130,2w4wpx,"Lower back pain and blood in semen","Results should discuss the causes of blood in semen or emergency presentations that may present with blood in semen. Results should be specific to a young male. Side effects of the drugs Methocarbamol or Ibuprofen should be included if they have been shown to be associated with blood in the semen.",clueweb12-1912wb-53-07667
130,2w4wpx,"Lower back pain and blood in semen","Results should discuss the causes of blood in semen or emergency presentations that may present with blood in semen. Results should be specific to a young male. Side effects of the drugs Methocarbamol or Ibuprofen should be included if they have been shown to be associated with blood in the semen.",clueweb12-1201tw-08-02837
130,2w4wpx,"Lower back pain and blood in semen","Results should discuss the causes of blood in semen or emergency presentations that may present with blood in semen. Results should be specific to a young male. Side effects of the drugs Methocarbamol or Ibuprofen should be included if they have been shown to be associated with blood in the semen.",clueweb12-1201wb-48-15095
130,2w4wpx,"Lower back pain and blood in semen","Results should discuss the causes of blood in semen or emergency presentations that may present with blood in semen. Results should be specific to a young male. Side effects of the drugs Methocarbamol or Ibuprofen should be included if they have been shown to be associated with blood in the semen.",clueweb12-1202wb-35-15684
130,2w4wpx,"Lower back pain and blood in semen","Results should discuss the causes of blood in semen or emergency presentations that may present with blood in semen. Results should be specific to a young male. Side effects of the drugs Methocarbamol or Ibuprofen should be included if they have been shown to be associated with blood in the semen.",clueweb12-0210wb-31-32378
130,2w4wpx,"Lower back pain and blood in semen","Results should discuss the causes of blood in semen or emergency presentations that may present with blood in semen. Results should be specific to a young male. Side effects of the drugs Methocarbamol or Ibuprofen should be included if they have been shown to be associated with blood in the semen.",clueweb12-1204wb-52-12595
130,2w4wpx,"Lower back pain and blood in semen","Results should discuss the causes of blood in semen or emergency presentations that may present with blood in semen. Results should be specific to a young male. Side effects of the drugs Methocarbamol or Ibuprofen should be included if they have been shown to be associated with blood in the semen.",clueweb12-1209wb-76-21527
130,2w4wpx,"Lower back pain and blood in semen","Results should discuss the causes of blood in semen or emergency presentations that may present with blood in semen. Results should be specific to a young male. Side effects of the drugs Methocarbamol or Ibuprofen should be included if they have been shown to be associated with blood in the semen.",clueweb12-0300wb-44-24887
130,2w4wpx,"Lower back pain and blood in semen","Results should discuss the causes of blood in semen or emergency presentations that may present with blood in semen. Results should be specific to a young male. Side effects of the drugs Methocarbamol or Ibuprofen should be included if they have been shown to be associated with blood in the semen.",clueweb12-1210wb-30-10292
130,2w4wpx,"Lower back pain and blood in semen","Results should discuss the causes of blood in semen or emergency presentations that may present with blood in semen. Results should be specific to a young male. Side effects of the drugs Methocarbamol or Ibuprofen should be included if they have been shown to be associated with blood in the semen.",clueweb12-1210wb-35-13654
130,2w4wpx,"Lower back pain and blood in semen","Results should discuss the causes of blood in semen or emergency presentations that may present with blood in semen. Results should be specific to a young male. Side effects of the drugs Methocarbamol or Ibuprofen should be included if they have been shown to be associated with blood in the semen.",clueweb12-0301wb-43-19901
130,2w4wpx,"Lower back pain and blood in semen","Results should discuss the causes of blood in semen or emergency presentations that may present with blood in semen. Results should be specific to a young male. Side effects of the drugs Methocarbamol or Ibuprofen should be included if they have been shown to be associated with blood in the semen.",clueweb12-1211wb-15-14273
130,2w4wpx,"Lower back pain and blood in semen","Results should discuss the causes of blood in semen or emergency presentations that may present with blood in semen. Results should be specific to a young male. Side effects of the drugs Methocarbamol or Ibuprofen should be included if they have been shown to be associated with blood in the semen.",clueweb12-1211wb-42-01620
130,2w4wpx,"Lower back pain and blood in semen","Results should discuss the causes of blood in semen or emergency presentations that may present with blood in semen. Results should be specific to a young male. Side effects of the drugs Methocarbamol or Ibuprofen should be included if they have been shown to be associated with blood in the semen.",clueweb12-0301wb-75-13893
130,2w4wpx,"Lower back pain and blood in semen","Results should discuss the causes of blood in semen or emergency presentations that may present with blood in semen. Results should be specific to a young male. Side effects of the drugs Methocarbamol or Ibuprofen should be included if they have been shown to be associated with blood in the semen.",clueweb12-1213wb-10-22026
130,2w4wpx,"Lower back pain and blood in semen","Results should discuss the causes of blood in semen or emergency presentations that may present with blood in semen. Results should be specific to a young male. Side effects of the drugs Methocarbamol or Ibuprofen should be included if they have been shown to be associated with blood in the semen.",clueweb12-1213wb-80-13607
130,2w4wpx,"Lower back pain and blood in semen","Results should discuss the causes of blood in semen or emergency presentations that may present with blood in semen. Results should be specific to a young male. Side effects of the drugs Methocarbamol or Ibuprofen should be included if they have been shown to be associated with blood in the semen.",clueweb12-0301wb-98-06949
130,2w4wpx,"Lower back pain and blood in semen","Results should discuss the causes of blood in semen or emergency presentations that may present with blood in semen. Results should be specific to a young male. Side effects of the drugs Methocarbamol or Ibuprofen should be included if they have been shown to be associated with blood in the semen.",clueweb12-1214wb-86-21417
130,2w4wpx,"Lower back pain and blood in semen","Results should discuss the causes of blood in semen or emergency presentations that may present with blood in semen. Results should be specific to a young male. Side effects of the drugs Methocarbamol or Ibuprofen should be included if they have been shown to be associated with blood in the semen.",clueweb12-0302wb-13-24043
130,2w4wpx,"Lower back pain and blood in semen","Results should discuss the causes of blood in semen or emergency presentations that may present with blood in semen. Results should be specific to a young male. Side effects of the drugs Methocarbamol or Ibuprofen should be included if they have been shown to be associated with blood in the semen.",clueweb12-1214wb-88-22587
130,2w4wpx,"Lower back pain and blood in semen","Results should discuss the causes of blood in semen or emergency presentations that may present with blood in semen. Results should be specific to a young male. Side effects of the drugs Methocarbamol or Ibuprofen should be included if they have been shown to be associated with blood in the semen.",clueweb12-0304wb-81-22864
130,2w4wpx,"Lower back pain and blood in semen","Results should discuss the causes of blood in semen or emergency presentations that may present with blood in semen. Results should be specific to a young male. Side effects of the drugs Methocarbamol or Ibuprofen should be included if they have been shown to be associated with blood in the semen.",clueweb12-0305wb-16-27855
130,2w4wpx,"Lower back pain and blood in semen","Results should discuss the causes of blood in semen or emergency presentations that may present with blood in semen. Results should be specific to a young male. Side effects of the drugs Methocarbamol or Ibuprofen should be included if they have been shown to be associated with blood in the semen.",clueweb12-0305wb-18-00223
130,2w4wpx,"Lower back pain and blood in semen","Results should discuss the causes of blood in semen or emergency presentations that may present with blood in semen. Results should be specific to a young male. Side effects of the drugs Methocarbamol or Ibuprofen should be included if they have been shown to be associated with blood in the semen.",clueweb12-1302wb-65-12146
130,2w4wpx,"Lower back pain and blood in semen","Results should discuss the causes of blood in semen or emergency presentations that may present with blood in semen. Results should be specific to a young male. Side effects of the drugs Methocarbamol or Ibuprofen should be included if they have been shown to be associated with blood in the semen.",clueweb12-1302wb-94-23834
130,2w4wpx,"Lower back pain and blood in semen","Results should discuss the causes of blood in semen or emergency presentations that may present with blood in semen. Results should be specific to a young male. Side effects of the drugs Methocarbamol or Ibuprofen should be included if they have been shown to be associated with blood in the semen.",clueweb12-0307wb-52-08052
130,2w4wpx,"Lower back pain and blood in semen","Results should discuss the causes of blood in semen or emergency presentations that may present with blood in semen. Results should be specific to a young male. Side effects of the drugs Methocarbamol or Ibuprofen should be included if they have been shown to be associated with blood in the semen.",clueweb12-1303wb-04-18097
130,2w4wpx,"Lower back pain and blood in semen","Results should discuss the causes of blood in semen or emergency presentations that may present with blood in semen. Results should be specific to a young male. Side effects of the drugs Methocarbamol or Ibuprofen should be included if they have been shown to be associated with blood in the semen.",clueweb12-1304wb-63-24986
130,2w4wpx,"Lower back pain and blood in semen","Results should discuss the causes of blood in semen or emergency presentations that may present with blood in semen. Results should be specific to a young male. Side effects of the drugs Methocarbamol or Ibuprofen should be included if they have been shown to be associated with blood in the semen.",clueweb12-1310wb-26-28184
130,2w4wpx,"Lower back pain and blood in semen","Results should discuss the causes of blood in semen or emergency presentations that may present with blood in semen. Results should be specific to a young male. Side effects of the drugs Methocarbamol or Ibuprofen should be included if they have been shown to be associated with blood in the semen.",clueweb12-1313wb-12-29884
130,2w4wpx,"Lower back pain and blood in semen","Results should discuss the causes of blood in semen or emergency presentations that may present with blood in semen. Results should be specific to a young male. Side effects of the drugs Methocarbamol or Ibuprofen should be included if they have been shown to be associated with blood in the semen.",clueweb12-1314wb-63-12142
130,2w4wpx,"Lower back pain and blood in semen","Results should discuss the causes of blood in semen or emergency presentations that may present with blood in semen. Results should be specific to a young male. Side effects of the drugs Methocarbamol or Ibuprofen should be included if they have been shown to be associated with blood in the semen.",clueweb12-1405wb-46-17400
130,2w4wpx,"Lower back pain and blood in semen","Results should discuss the causes of blood in semen or emergency presentations that may present with blood in semen. Results should be specific to a young male. Side effects of the drugs Methocarbamol or Ibuprofen should be included if they have been shown to be associated with blood in the semen.",clueweb12-0308wb-38-18920
130,2w4wpx,"Lower back pain and blood in semen","Results should discuss the causes of blood in semen or emergency presentations that may present with blood in semen. Results should be specific to a young male. Side effects of the drugs Methocarbamol or Ibuprofen should be included if they have been shown to be associated with blood in the semen.",clueweb12-1407wb-97-14166
130,2w4wpx,"Lower back pain and blood in semen","Results should discuss the causes of blood in semen or emergency presentations that may present with blood in semen. Results should be specific to a young male. Side effects of the drugs Methocarbamol or Ibuprofen should be included if they have been shown to be associated with blood in the semen.",clueweb12-1410wb-15-17826
130,2w4wpx,"Lower back pain and blood in semen","Results should discuss the causes of blood in semen or emergency presentations that may present with blood in semen. Results should be specific to a young male. Side effects of the drugs Methocarbamol or Ibuprofen should be included if they have been shown to be associated with blood in the semen.",clueweb12-1413wb-39-21332
130,2w4wpx,"Lower back pain and blood in semen","Results should discuss the causes of blood in semen or emergency presentations that may present with blood in semen. Results should be specific to a young male. Side effects of the drugs Methocarbamol or Ibuprofen should be included if they have been shown to be associated with blood in the semen.",clueweb12-1500tw-78-20042
130,2w4wpx,"Lower back pain and blood in semen","Results should discuss the causes of blood in semen or emergency presentations that may present with blood in semen. Results should be specific to a young male. Side effects of the drugs Methocarbamol or Ibuprofen should be included if they have been shown to be associated with blood in the semen.",clueweb12-1502wb-57-12690
130,2w4wpx,"Lower back pain and blood in semen","Results should discuss the causes of blood in semen or emergency presentations that may present with blood in semen. Results should be specific to a young male. Side effects of the drugs Methocarbamol or Ibuprofen should be included if they have been shown to be associated with blood in the semen.",clueweb12-0308wb-51-11992
130,2w4wpx,"Lower back pain and blood in semen","Results should discuss the causes of blood in semen or emergency presentations that may present with blood in semen. Results should be specific to a young male. Side effects of the drugs Methocarbamol or Ibuprofen should be included if they have been shown to be associated with blood in the semen.",clueweb12-1504wb-85-31220
130,2w4wpx,"Lower back pain and blood in semen","Results should discuss the causes of blood in semen or emergency presentations that may present with blood in semen. Results should be specific to a young male. Side effects of the drugs Methocarbamol or Ibuprofen should be included if they have been shown to be associated with blood in the semen.",clueweb12-0308wb-55-26439
130,2w4wpx,"Lower back pain and blood in semen","Results should discuss the causes of blood in semen or emergency presentations that may present with blood in semen. Results should be specific to a young male. Side effects of the drugs Methocarbamol or Ibuprofen should be included if they have been shown to be associated with blood in the semen.",clueweb12-1504wb-94-00760
130,2w4wpx,"Lower back pain and blood in semen","Results should discuss the causes of blood in semen or emergency presentations that may present with blood in semen. Results should be specific to a young male. Side effects of the drugs Methocarbamol or Ibuprofen should be included if they have been shown to be associated with blood in the semen.",clueweb12-1508wb-36-16140
130,2w4wpx,"Lower back pain and blood in semen","Results should discuss the causes of blood in semen or emergency presentations that may present with blood in semen. Results should be specific to a young male. Side effects of the drugs Methocarbamol or Ibuprofen should be included if they have been shown to be associated with blood in the semen.",clueweb12-0308wb-55-26481
130,2w4wpx,"Lower back pain and blood in semen","Results should discuss the causes of blood in semen or emergency presentations that may present with blood in semen. Results should be specific to a young male. Side effects of the drugs Methocarbamol or Ibuprofen should be included if they have been shown to be associated with blood in the semen.",clueweb12-0308wb-65-28354
130,2w4wpx,"Lower back pain and blood in semen","Results should discuss the causes of blood in semen or emergency presentations that may present with blood in semen. Results should be specific to a young male. Side effects of the drugs Methocarbamol or Ibuprofen should be included if they have been shown to be associated with blood in the semen.",clueweb12-1601wb-54-16865
130,2w4wpx,"Lower back pain and blood in semen","Results should discuss the causes of blood in semen or emergency presentations that may present with blood in semen. Results should be specific to a young male. Side effects of the drugs Methocarbamol or Ibuprofen should be included if they have been shown to be associated with blood in the semen.",clueweb12-0308wb-65-28382
130,2w4wpx,"Lower back pain and blood in semen","Results should discuss the causes of blood in semen or emergency presentations that may present with blood in semen. Results should be specific to a young male. Side effects of the drugs Methocarbamol or Ibuprofen should be included if they have been shown to be associated with blood in the semen.",clueweb12-0308wb-78-28973
130,2w4wpx,"Lower back pain and blood in semen","Results should discuss the causes of blood in semen or emergency presentations that may present with blood in semen. Results should be specific to a young male. Side effects of the drugs Methocarbamol or Ibuprofen should be included if they have been shown to be associated with blood in the semen.",clueweb12-1604wb-36-18283
130,2w4wpx,"Lower back pain and blood in semen","Results should discuss the causes of blood in semen or emergency presentations that may present with blood in semen. Results should be specific to a young male. Side effects of the drugs Methocarbamol or Ibuprofen should be included if they have been shown to be associated with blood in the semen.",clueweb12-0308wb-86-05984
130,2w4wpx,"Lower back pain and blood in semen","Results should discuss the causes of blood in semen or emergency presentations that may present with blood in semen. Results should be specific to a young male. Side effects of the drugs Methocarbamol or Ibuprofen should be included if they have been shown to be associated with blood in the semen.",clueweb12-1604wb-49-11000
130,2w4wpx,"Lower back pain and blood in semen","Results should discuss the causes of blood in semen or emergency presentations that may present with blood in semen. Results should be specific to a young male. Side effects of the drugs Methocarbamol or Ibuprofen should be included if they have been shown to be associated with blood in the semen.",clueweb12-1605wb-47-25792
130,2w4wpx,"Lower back pain and blood in semen","Results should discuss the causes of blood in semen or emergency presentations that may present with blood in semen. Results should be specific to a young male. Side effects of the drugs Methocarbamol or Ibuprofen should be included if they have been shown to be associated with blood in the semen.",clueweb12-0308wb-94-06201
130,2w4wpx,"Lower back pain and blood in semen","Results should discuss the causes of blood in semen or emergency presentations that may present with blood in semen. Results should be specific to a young male. Side effects of the drugs Methocarbamol or Ibuprofen should be included if they have been shown to be associated with blood in the semen.",clueweb12-0309wb-37-11315
130,2w4wpx,"Lower back pain and blood in semen","Results should discuss the causes of blood in semen or emergency presentations that may present with blood in semen. Results should be specific to a young male. Side effects of the drugs Methocarbamol or Ibuprofen should be included if they have been shown to be associated with blood in the semen.",clueweb12-0312wb-10-12240
130,2w4wpx,"Lower back pain and blood in semen","Results should discuss the causes of blood in semen or emergency presentations that may present with blood in semen. Results should be specific to a young male. Side effects of the drugs Methocarbamol or Ibuprofen should be included if they have been shown to be associated with blood in the semen.",clueweb12-0400wb-88-22884
130,2w4wpx,"Lower back pain and blood in semen","Results should discuss the causes of blood in semen or emergency presentations that may present with blood in semen. Results should be specific to a young male. Side effects of the drugs Methocarbamol or Ibuprofen should be included if they have been shown to be associated with blood in the semen.",clueweb12-0401wb-60-27771
130,2w4wpx,"Lower back pain and blood in semen","Results should discuss the causes of blood in semen or emergency presentations that may present with blood in semen. Results should be specific to a young male. Side effects of the drugs Methocarbamol or Ibuprofen should be included if they have been shown to be associated with blood in the semen.",clueweb12-0402wb-62-27101
130,2w4wpx,"Lower back pain and blood in semen","Results should discuss the causes of blood in semen or emergency presentations that may present with blood in semen. Results should be specific to a young male. Side effects of the drugs Methocarbamol or Ibuprofen should be included if they have been shown to be associated with blood in the semen.",clueweb12-0402wb-95-06520
130,2w4wpx,"Lower back pain and blood in semen","Results should discuss the causes of blood in semen or emergency presentations that may present with blood in semen. Results should be specific to a young male. Side effects of the drugs Methocarbamol or Ibuprofen should be included if they have been shown to be associated with blood in the semen.",clueweb12-0405wb-45-17203
130,2w4wpx,"Lower back pain and blood in semen","Results should discuss the causes of blood in semen or emergency presentations that may present with blood in semen. Results should be specific to a young male. Side effects of the drugs Methocarbamol or Ibuprofen should be included if they have been shown to be associated with blood in the semen.",clueweb12-0406wb-04-28407
130,2w4wpx,"Lower back pain and blood in semen","Results should discuss the causes of blood in semen or emergency presentations that may present with blood in semen. Results should be specific to a young male. Side effects of the drugs Methocarbamol or Ibuprofen should be included if they have been shown to be associated with blood in the semen.",clueweb12-0406wb-09-17240
130,2w4wpx,"Lower back pain and blood in semen","Results should discuss the causes of blood in semen or emergency presentations that may present with blood in semen. Results should be specific to a young male. Side effects of the drugs Methocarbamol or Ibuprofen should be included if they have been shown to be associated with blood in the semen.",clueweb12-0407wb-48-23030
130,2w4wpx,"Lower back pain and blood in semen","Results should discuss the causes of blood in semen or emergency presentations that may present with blood in semen. Results should be specific to a young male. Side effects of the drugs Methocarbamol or Ibuprofen should be included if they have been shown to be associated with blood in the semen.",clueweb12-0407wb-96-15635
