"HITId","HITTypeId","Title","Description","Keywords","Reward","CreationTime","MaxAssignments","RequesterAnnotation","AssignmentDurationInSeconds","AutoApprovalDelayInSeconds","Expiration","NumberOfSimilarHITs","LifetimeInSeconds","AssignmentId","WorkerId","AssignmentStatus","AcceptTime","SubmitTime","AutoApprovalTime","ApprovalTime","RejectionTime","RequesterFeedback","WorkTimeInSeconds","LifetimeApprovalRate","Last30DaysApprovalRate","Last7DaysApprovalRate","Input.query_prefix","Input.topic_id","Input.title","Input.criteria","Input.doc_id","Answer.doc_id","Answer.query_prefix","Answer.readability","Answer.relevance","Answer.reliability","Answer.topic_id","Answer.validationCode","Approve","Reject"
"3O0M2G5VC6HZBDKEXZFFGPUQ9SP945","3P2WBZVMLA1Z42GMCKBMV10N1XYZ9Q","117: Assess relevance of webpage to health topic (WARNING: HIT may contain adult content. Worker discretion advised7","Judge the topic relevance, readability, and reliability of the given web page","assess, web page, relevance","$0.07","Fri Apr 06 00:40:23 PDT 2018","1","BatchId:3183089;OriginalHitTemplateId:926158642;","1200","259200","Fri Apr 13 00:40:23 PDT 2018","","","34Q075JO1YS3A4XC0NIME0IHY01103","A33MF851P56BFH","Submitted","Sat Apr 07 00:41:10 PDT 2018","Sat Apr 07 00:41:43 PDT 2018","Tue Apr 10 00:41:43 PDT 2018","","","","33","100% (1686/1686)","100% (1686/1686)","100% (810/810)","117","3no3bj","Doctor said I can take Tylenol Cold for some symptoms and Benilyn for others, does he mean in combo?","Results should discuss the use of Benilyn and Tylenol concurrently to treat cold and flu symptoms. Information about drug interactions between the two, and the symptoms each one treats is also appropriate. ","clueweb12-0000wb-02-07382","clueweb12-0000wb-02-07382","117","50","0","40","3no3bj","YivOEsLq2vWwRiB9yFn4xi6MRcg="
"3WRKFXQBOBM8KLR1Q09Z97X0NJAYIX","3P2WBZVMLA1Z42GMCKBMV10N1XYZ9Q","117: Assess relevance of webpage to health topic (WARNING: HIT may contain adult content. Worker discretion advised7","Judge the topic relevance, readability, and reliability of the given web page","assess, web page, relevance","$0.07","Fri Apr 06 00:40:23 PDT 2018","1","BatchId:3183089;OriginalHitTemplateId:926158642;","1200","259200","Fri Apr 13 00:40:23 PDT 2018","","","3VELCLL3GLYU78C23517H75L434F11","A33MF851P56BFH","Submitted","Sat Apr 07 02:11:20 PDT 2018","Sat Apr 07 02:12:09 PDT 2018","Tue Apr 10 02:12:09 PDT 2018","","","","49","100% (1686/1686)","100% (1686/1686)","100% (810/810)","117","3no3bj","Doctor said I can take Tylenol Cold for some symptoms and Benilyn for others, does he mean in combo?","Results should discuss the use of Benilyn and Tylenol concurrently to treat cold and flu symptoms. Information about drug interactions between the two, and the symptoms each one treats is also appropriate. ","clueweb12-1700wb-31-08450","clueweb12-1700wb-31-08450","117","70","1","60","3no3bj","_UnrqduJFGaq41wf4Is47feto2Q="
"3RIHDBQ1NED8U9R31F33F09EEWHMH2","3P2WBZVMLA1Z42GMCKBMV10N1XYZ9Q","117: Assess relevance of webpage to health topic (WARNING: HIT may contain adult content. Worker discretion advised7","Judge the topic relevance, readability, and reliability of the given web page","assess, web page, relevance","$0.07","Fri Apr 06 00:40:23 PDT 2018","1","BatchId:3183089;OriginalHitTemplateId:926158642;","1200","259200","Fri Apr 13 00:40:23 PDT 2018","","","3ZDAD0O1T2SCGEFW5IR3TKON0Q2XTS","A33MF851P56BFH","Submitted","Fri Apr 06 22:47:52 PDT 2018","Fri Apr 06 22:50:34 PDT 2018","Mon Apr 09 22:50:34 PDT 2018","","","","162","100% (1686/1686)","100% (1686/1686)","100% (810/810)","117","3no3bj","Doctor said I can take Tylenol Cold for some symptoms and Benilyn for others, does he mean in combo?","Results should discuss the use of Benilyn and Tylenol concurrently to treat cold and flu symptoms. Information about drug interactions between the two, and the symptoms each one treats is also appropriate. ","clueweb12-1700wb-31-08464","clueweb12-1700wb-31-08464","117","60","1","50","3no3bj","khHwTCIwjE3z8OYI_PTSwameGIw="
"3BCRDCM0OD9X7W7JKKZJ3WSKGD76KH","3P2WBZVMLA1Z42GMCKBMV10N1XYZ9Q","117: Assess relevance of webpage to health topic (WARNING: HIT may contain adult content. Worker discretion advised7","Judge the topic relevance, readability, and reliability of the given web page","assess, web page, relevance","$0.07","Fri Apr 06 00:40:23 PDT 2018","1","BatchId:3183089;OriginalHitTemplateId:926158642;","1200","259200","Fri Apr 13 00:40:23 PDT 2018","","","3FE7TXL1LJ2YNIK70PCFYPJ43A4Q2Y","A33MF851P56BFH","Submitted","Fri Apr 06 23:11:53 PDT 2018","Fri Apr 06 23:12:59 PDT 2018","Mon Apr 09 23:12:59 PDT 2018","","","","66","100% (1686/1686)","100% (1686/1686)","100% (810/810)","117","3no3bj","Doctor said I can take Tylenol Cold for some symptoms and Benilyn for others, does he mean in combo?","Results should discuss the use of Benilyn and Tylenol concurrently to treat cold and flu symptoms. Information about drug interactions between the two, and the symptoms each one treats is also appropriate. ","clueweb12-0905wb-13-14317","clueweb12-0905wb-13-14317","117","50","0","40","3no3bj","wTKxTlGFTxRC9xCwK0yVAJCj7Ug="
"336OE47KI2Z9HMG1A6QU3Z2EKD6VWS","3P2WBZVMLA1Z42GMCKBMV10N1XYZ9Q","117: Assess relevance of webpage to health topic (WARNING: HIT may contain adult content. Worker discretion advised7","Judge the topic relevance, readability, and reliability of the given web page","assess, web page, relevance","$0.07","Fri Apr 06 00:40:23 PDT 2018","1","BatchId:3183089;OriginalHitTemplateId:926158642;","1200","259200","Fri Apr 13 00:40:23 PDT 2018","","","3CN4LGXD5Y3HZYQGVDCX4QJ4MXP4YJ","A33MF851P56BFH","Submitted","Sat Apr 07 00:34:28 PDT 2018","Sat Apr 07 00:35:17 PDT 2018","Tue Apr 10 00:35:17 PDT 2018","","","","49","100% (1686/1686)","100% (1686/1686)","100% (810/810)","117","3no3bj","Doctor said I can take Tylenol Cold for some symptoms and Benilyn for others, does he mean in combo?","Results should discuss the use of Benilyn and Tylenol concurrently to treat cold and flu symptoms. Information about drug interactions between the two, and the symptoms each one treats is also appropriate. ","clueweb12-0004wb-74-28567","clueweb12-0004wb-74-28567","117","50","0","30","3no3bj","F-YO3WMg0ejool5pGMauesCFamg="
"3SR6AEG6W588OQGHKIRE9VWLN6VYH4","3P2WBZVMLA1Z42GMCKBMV10N1XYZ9Q","117: Assess relevance of webpage to health topic (WARNING: HIT may contain adult content. Worker discretion advised7","Judge the topic relevance, readability, and reliability of the given web page","assess, web page, relevance","$0.07","Fri Apr 06 00:40:23 PDT 2018","1","BatchId:3183089;OriginalHitTemplateId:926158642;","1200","259200","Fri Apr 13 00:40:23 PDT 2018","","","3ZV9H2YQQEMSSXCCGYPQ9O6IXPM3WR","A33MF851P56BFH","Submitted","Fri Apr 06 23:16:00 PDT 2018","Fri Apr 06 23:18:51 PDT 2018","Mon Apr 09 23:18:51 PDT 2018","","","","171","100% (1686/1686)","100% (1686/1686)","100% (810/810)","117","3no3bj","Doctor said I can take Tylenol Cold for some symptoms and Benilyn for others, does he mean in combo?","Results should discuss the use of Benilyn and Tylenol concurrently to treat cold and flu symptoms. Information about drug interactions between the two, and the symptoms each one treats is also appropriate. ","clueweb12-1701wb-28-23665","clueweb12-1701wb-28-23665","117","70","1","60","3no3bj","q7MlzPy9jBJQidTiWKyD21SYhx8="
"3W5PY7V3UPM4FWB78IUZL8C00YZYJ9","3P2WBZVMLA1Z42GMCKBMV10N1XYZ9Q","117: Assess relevance of webpage to health topic (WARNING: HIT may contain adult content. Worker discretion advised7","Judge the topic relevance, readability, and reliability of the given web page","assess, web page, relevance","$0.07","Fri Apr 06 00:40:23 PDT 2018","1","BatchId:3183089;OriginalHitTemplateId:926158642;","1200","259200","Fri Apr 13 00:40:23 PDT 2018","","","33CKWXB73KZ3HTIUW6MMS51R3S8117","A33MF851P56BFH","Submitted","Sat Apr 07 00:49:47 PDT 2018","Sat Apr 07 00:54:07 PDT 2018","Tue Apr 10 00:54:07 PDT 2018","","","","260","100% (1686/1686)","100% (1686/1686)","100% (810/810)","117","3no3bj","Doctor said I can take Tylenol Cold for some symptoms and Benilyn for others, does he mean in combo?","Results should discuss the use of Benilyn and Tylenol concurrently to treat cold and flu symptoms. Information about drug interactions between the two, and the symptoms each one treats is also appropriate. ","clueweb12-0910wb-72-04354","clueweb12-0910wb-72-04354","117","50","0","40","3no3bj","2Hd72FFGlJ8mFU0zrEXw9-iAaXQ="
"31S7M7DAGG5ET00D1XJDT6XDPLMTLH","3P2WBZVMLA1Z42GMCKBMV10N1XYZ9Q","117: Assess relevance of webpage to health topic (WARNING: HIT may contain adult content. Worker discretion advised7","Judge the topic relevance, readability, and reliability of the given web page","assess, web page, relevance","$0.07","Fri Apr 06 00:40:23 PDT 2018","1","BatchId:3183089;OriginalHitTemplateId:926158642;","1200","259200","Fri Apr 13 00:40:23 PDT 2018","","","3KAKFY4PGVHAR2S7RHLB8XXAIEOI3Z","A33MF851P56BFH","Submitted","Fri Apr 06 23:22:31 PDT 2018","Fri Apr 06 23:24:28 PDT 2018","Mon Apr 09 23:24:28 PDT 2018","","","","117","100% (1686/1686)","100% (1686/1686)","100% (810/810)","117","3no3bj","Doctor said I can take Tylenol Cold for some symptoms and Benilyn for others, does he mean in combo?","Results should discuss the use of Benilyn and Tylenol concurrently to treat cold and flu symptoms. Information about drug interactions between the two, and the symptoms each one treats is also appropriate. ","clueweb12-1701wb-60-30982","clueweb12-1701wb-60-30982","117","50","0","30","3no3bj","GM1EzJYbl2jLPG-9BoYqPLr6XYE="
"3HFWPF5AK9YWYWX96RANNF7ANGI3SP","3P2WBZVMLA1Z42GMCKBMV10N1XYZ9Q","117: Assess relevance of webpage to health topic (WARNING: HIT may contain adult content. Worker discretion advised7","Judge the topic relevance, readability, and reliability of the given web page","assess, web page, relevance","$0.07","Fri Apr 06 00:40:23 PDT 2018","1","BatchId:3183089;OriginalHitTemplateId:926158642;","1200","259200","Fri Apr 13 00:40:23 PDT 2018","","","3HSYG7LRBKD7TVQ2CQYM2ZTPL5MKKC","A33MF851P56BFH","Submitted","Sat Apr 07 02:23:30 PDT 2018","Sat Apr 07 02:24:13 PDT 2018","Tue Apr 10 02:24:13 PDT 2018","","","","43","100% (1686/1686)","100% (1686/1686)","100% (810/810)","117","3no3bj","Doctor said I can take Tylenol Cold for some symptoms and Benilyn for others, does he mean in combo?","Results should discuss the use of Benilyn and Tylenol concurrently to treat cold and flu symptoms. Information about drug interactions between the two, and the symptoms each one treats is also appropriate. ","clueweb12-1701wb-87-01982","clueweb12-1701wb-87-01982","117","50","0","30","3no3bj","L3vcVlgECPY6o27Lwjdoe5Yi0nk="
"3K2CEDRACBGYZIIY19KSTJC2PQCTMJ","3P2WBZVMLA1Z42GMCKBMV10N1XYZ9Q","117: Assess relevance of webpage to health topic (WARNING: HIT may contain adult content. Worker discretion advised7","Judge the topic relevance, readability, and reliability of the given web page","assess, web page, relevance","$0.07","Fri Apr 06 00:40:23 PDT 2018","1","BatchId:3183089;OriginalHitTemplateId:926158642;","1200","259200","Fri Apr 13 00:40:23 PDT 2018","","","3ZGVPD4G6UW1L9FB60FOQ54Y8Q4TZP","A33MF851P56BFH","Submitted","Fri Apr 06 23:40:16 PDT 2018","Fri Apr 06 23:41:34 PDT 2018","Mon Apr 09 23:41:34 PDT 2018","","","","78","100% (1686/1686)","100% (1686/1686)","100% (810/810)","117","3no3bj","Doctor said I can take Tylenol Cold for some symptoms and Benilyn for others, does he mean in combo?","Results should discuss the use of Benilyn and Tylenol concurrently to treat cold and flu symptoms. Information about drug interactions between the two, and the symptoms each one treats is also appropriate. ","clueweb12-1707wb-86-17219","clueweb12-1707wb-86-17219","117","60","0","40","3no3bj","8V-4nmboHy02QcvXh0OUfQEzOlo="
"3GS542CVJV2H7WOEB4YPLH049OK95A","3P2WBZVMLA1Z42GMCKBMV10N1XYZ9Q","117: Assess relevance of webpage to health topic (WARNING: HIT may contain adult content. Worker discretion advised7","Judge the topic relevance, readability, and reliability of the given web page","assess, web page, relevance","$0.07","Fri Apr 06 00:40:23 PDT 2018","1","BatchId:3183089;OriginalHitTemplateId:926158642;","1200","259200","Fri Apr 13 00:40:23 PDT 2018","","","3RXPCZQMQQQ0L88XEP7PZS5X5HG1GW","A33MF851P56BFH","Submitted","Fri Apr 06 22:52:08 PDT 2018","Fri Apr 06 22:53:24 PDT 2018","Mon Apr 09 22:53:24 PDT 2018","","","","76","100% (1686/1686)","100% (1686/1686)","100% (810/810)","117","3no3bj","Doctor said I can take Tylenol Cold for some symptoms and Benilyn for others, does he mean in combo?","Results should discuss the use of Benilyn and Tylenol concurrently to treat cold and flu symptoms. Information about drug interactions between the two, and the symptoms each one treats is also appropriate. ","clueweb12-1713wb-70-02611","clueweb12-1713wb-70-02611","117","50","0","40","3no3bj","XSrEIASTbXYMNBHCEYW7JwbpTQM="
"3GV1I4SEO948R2P15KBKIW5Z5DC6LK","3P2WBZVMLA1Z42GMCKBMV10N1XYZ9Q","117: Assess relevance of webpage to health topic (WARNING: HIT may contain adult content. Worker discretion advised7","Judge the topic relevance, readability, and reliability of the given web page","assess, web page, relevance","$0.07","Fri Apr 06 00:40:23 PDT 2018","1","BatchId:3183089;OriginalHitTemplateId:926158642;","1200","259200","Fri Apr 13 00:40:23 PDT 2018","","","39O5D9O87U7JEZ67Z7PPXUZF5ASC3H","A33MF851P56BFH","Submitted","Sat Apr 07 02:30:18 PDT 2018","Sat Apr 07 02:33:35 PDT 2018","Tue Apr 10 02:33:35 PDT 2018","","","","197","100% (1686/1686)","100% (1686/1686)","100% (810/810)","117","3no3bj","Doctor said I can take Tylenol Cold for some symptoms and Benilyn for others, does he mean in combo?","Results should discuss the use of Benilyn and Tylenol concurrently to treat cold and flu symptoms. Information about drug interactions between the two, and the symptoms each one treats is also appropriate. ","clueweb12-1006wb-62-24862","clueweb12-1006wb-62-24862","117","50","0","40","3no3bj","V7fBT_H04IBosYqAPahPRhFSgVw="
"38B7Q9C28GKDQ0OSGN8UDNE45JV96Q","3P2WBZVMLA1Z42GMCKBMV10N1XYZ9Q","117: Assess relevance of webpage to health topic (WARNING: HIT may contain adult content. Worker discretion advised7","Judge the topic relevance, readability, and reliability of the given web page","assess, web page, relevance","$0.07","Fri Apr 06 00:40:23 PDT 2018","1","BatchId:3183089;OriginalHitTemplateId:926158642;","1200","259200","Fri Apr 13 00:40:23 PDT 2018","","","3L4D84MIL07LGLJCOKVDOSDKEZ6HJU","A33MF851P56BFH","Submitted","Sat Apr 07 05:48:32 PDT 2018","Sat Apr 07 05:54:01 PDT 2018","Tue Apr 10 05:54:01 PDT 2018","","","","329","100% (1686/1686)","100% (1686/1686)","100% (810/810)","117","3no3bj","Doctor said I can take Tylenol Cold for some symptoms and Benilyn for others, does he mean in combo?","Results should discuss the use of Benilyn and Tylenol concurrently to treat cold and flu symptoms. Information about drug interactions between the two, and the symptoms each one treats is also appropriate. ","clueweb12-1106wb-72-19845","clueweb12-1106wb-72-19845","117","30","0","30","3no3bj","K92iy5ralNDp6hMwoLXjYkKNpVo="
"3DA79LNS59AXDWAOVRFDXK3WPZW3TE","3P2WBZVMLA1Z42GMCKBMV10N1XYZ9Q","117: Assess relevance of webpage to health topic (WARNING: HIT may contain adult content. Worker discretion advised7","Judge the topic relevance, readability, and reliability of the given web page","assess, web page, relevance","$0.07","Fri Apr 06 00:40:23 PDT 2018","1","BatchId:3183089;OriginalHitTemplateId:926158642;","1200","259200","Fri Apr 13 00:40:23 PDT 2018","","","3Z4AIRP3C7SB7U3N3Z7TNE5S87GX1O","A33MF851P56BFH","Submitted","Fri Apr 06 23:54:13 PDT 2018","Fri Apr 06 23:55:25 PDT 2018","Mon Apr 09 23:55:25 PDT 2018","","","","72","100% (1686/1686)","100% (1686/1686)","100% (810/810)","117","3no3bj","Doctor said I can take Tylenol Cold for some symptoms and Benilyn for others, does he mean in combo?","Results should discuss the use of Benilyn and Tylenol concurrently to treat cold and flu symptoms. Information about drug interactions between the two, and the symptoms each one treats is also appropriate. ","clueweb12-0104wb-46-22068","clueweb12-0104wb-46-22068","117","50","0","40","3no3bj","WjqZLwkQvqiz7DrpUOkBHA-pr34="
"3J06WJ78HNZW2XGWKWLYHXJ0D44VVI","3P2WBZVMLA1Z42GMCKBMV10N1XYZ9Q","117: Assess relevance of webpage to health topic (WARNING: HIT may contain adult content. Worker discretion advised7","Judge the topic relevance, readability, and reliability of the given web page","assess, web page, relevance","$0.07","Fri Apr 06 00:40:23 PDT 2018","1","BatchId:3183089;OriginalHitTemplateId:926158642;","1200","259200","Fri Apr 13 00:40:23 PDT 2018","","","384PI804XTG34OW6D6X6A15QO1U0S4","A33MF851P56BFH","Submitted","Sat Apr 07 02:27:52 PDT 2018","Sat Apr 07 02:28:31 PDT 2018","Tue Apr 10 02:28:31 PDT 2018","","","","39","100% (1686/1686)","100% (1686/1686)","100% (810/810)","117","3no3bj","Doctor said I can take Tylenol Cold for some symptoms and Benilyn for others, does he mean in combo?","Results should discuss the use of Benilyn and Tylenol concurrently to treat cold and flu symptoms. Information about drug interactions between the two, and the symptoms each one treats is also appropriate. ","clueweb12-1111wb-41-00912","clueweb12-1111wb-41-00912","117","50","0","30","3no3bj","tlYT0PxZgcsUcGZVL7c_x8bRSSA="
"3VIVIU06FKR8Q42N7XLOFCATE9WMIV","3P2WBZVMLA1Z42GMCKBMV10N1XYZ9Q","117: Assess relevance of webpage to health topic (WARNING: HIT may contain adult content. Worker discretion advised7","Judge the topic relevance, readability, and reliability of the given web page","assess, web page, relevance","$0.07","Fri Apr 06 00:40:23 PDT 2018","1","BatchId:3183089;OriginalHitTemplateId:926158642;","1200","259200","Fri Apr 13 00:40:23 PDT 2018","","","3JNQLM5FT51NWL4U8K4JH3KAT5SL2H","A33MF851P56BFH","Submitted","Sat Apr 07 05:42:16 PDT 2018","Sat Apr 07 05:50:17 PDT 2018","Tue Apr 10 05:50:17 PDT 2018","","","","481","100% (1686/1686)","100% (1686/1686)","100% (810/810)","117","3no3bj","Doctor said I can take Tylenol Cold for some symptoms and Benilyn for others, does he mean in combo?","Results should discuss the use of Benilyn and Tylenol concurrently to treat cold and flu symptoms. Information about drug interactions between the two, and the symptoms each one treats is also appropriate. ","clueweb12-1112wb-14-27883","clueweb12-1112wb-14-27883","117","90","0","70","3no3bj","EGEt6V8yCcrsvuRWeVNz9oXA4xs="
"3ZVPAMTJWNILRT9KMHH2GZRN5J3RGW","3P2WBZVMLA1Z42GMCKBMV10N1XYZ9Q","117: Assess relevance of webpage to health topic (WARNING: HIT may contain adult content. Worker discretion advised7","Judge the topic relevance, readability, and reliability of the given web page","assess, web page, relevance","$0.07","Fri Apr 06 00:40:23 PDT 2018","1","BatchId:3183089;OriginalHitTemplateId:926158642;","1200","259200","Fri Apr 13 00:40:23 PDT 2018","","","3W8CV64QJ3EWA9632840ZYZHITR9HM","A33MF851P56BFH","Submitted","Sat Apr 07 00:42:20 PDT 2018","Sat Apr 07 00:42:50 PDT 2018","Tue Apr 10 00:42:50 PDT 2018","","","","30","100% (1686/1686)","100% (1686/1686)","100% (810/810)","117","3no3bj","Doctor said I can take Tylenol Cold for some symptoms and Benilyn for others, does he mean in combo?","Results should discuss the use of Benilyn and Tylenol concurrently to treat cold and flu symptoms. Information about drug interactions between the two, and the symptoms each one treats is also appropriate. ","clueweb12-1800wb-28-21857","clueweb12-1800wb-28-21857","117","50","0","40","3no3bj","gH_0_vR2DFVaY_d6Jxrzo8zE2yg="
"38LRF35D5LBCD9PDVW5N2GPY8D33U5","3P2WBZVMLA1Z42GMCKBMV10N1XYZ9Q","117: Assess relevance of webpage to health topic (WARNING: HIT may contain adult content. Worker discretion advised7","Judge the topic relevance, readability, and reliability of the given web page","assess, web page, relevance","$0.07","Fri Apr 06 00:40:23 PDT 2018","1","BatchId:3183089;OriginalHitTemplateId:926158642;","1200","259200","Fri Apr 13 00:40:23 PDT 2018","","","3VE8AYVF8NCCI8WN2QAMWHSTI9ZF8A","A33MF851P56BFH","Submitted","Sat Apr 07 05:50:13 PDT 2018","Sat Apr 07 05:54:28 PDT 2018","Tue Apr 10 05:54:28 PDT 2018","","","","255","100% (1686/1686)","100% (1686/1686)","100% (810/810)","117","3no3bj","Doctor said I can take Tylenol Cold for some symptoms and Benilyn for others, does he mean in combo?","Results should discuss the use of Benilyn and Tylenol concurrently to treat cold and flu symptoms. Information about drug interactions between the two, and the symptoms each one treats is also appropriate. ","clueweb12-1804wb-17-21756","clueweb12-1804wb-17-21756","117","10","0","0","3no3bj","iCErZI3G2RxWvrn3RxJcCv-sQpI="
"3VW0145YLYR4LFMTPF6ORDPTROLMJ7","3P2WBZVMLA1Z42GMCKBMV10N1XYZ9Q","117: Assess relevance of webpage to health topic (WARNING: HIT may contain adult content. Worker discretion advised7","Judge the topic relevance, readability, and reliability of the given web page","assess, web page, relevance","$0.07","Fri Apr 06 00:40:23 PDT 2018","1","BatchId:3183089;OriginalHitTemplateId:926158642;","1200","259200","Fri Apr 13 00:40:23 PDT 2018","","","3HVVDCPGTF71GJ56AED5CYVW2W1YT4","A33MF851P56BFH","Submitted","Fri Apr 06 23:52:40 PDT 2018","Fri Apr 06 23:54:12 PDT 2018","Mon Apr 09 23:54:12 PDT 2018","","","","92","100% (1686/1686)","100% (1686/1686)","100% (810/810)","117","3no3bj","Doctor said I can take Tylenol Cold for some symptoms and Benilyn for others, does he mean in combo?","Results should discuss the use of Benilyn and Tylenol concurrently to treat cold and flu symptoms. Information about drug interactions between the two, and the symptoms each one treats is also appropriate. ","clueweb12-0109wb-39-25971","clueweb12-0109wb-39-25971","117","50","0","30","3no3bj","1cEHVrUchcYLQsD_68obznszCEs="
"3TCFMTM8HE37JU2WP8HY84F9R2512S","3P2WBZVMLA1Z42GMCKBMV10N1XYZ9Q","117: Assess relevance of webpage to health topic (WARNING: HIT may contain adult content. Worker discretion advised7","Judge the topic relevance, readability, and reliability of the given web page","assess, web page, relevance","$0.07","Fri Apr 06 00:40:23 PDT 2018","1","BatchId:3183089;OriginalHitTemplateId:926158642;","1200","259200","Fri Apr 13 00:40:23 PDT 2018","","","34FNN24DCNOZVHUG9IV79IPIMUNY5N","A33MF851P56BFH","Submitted","Sat Apr 07 05:42:15 PDT 2018","Sat Apr 07 05:50:16 PDT 2018","Tue Apr 10 05:50:16 PDT 2018","","","","481","100% (1686/1686)","100% (1686/1686)","100% (810/810)","117","3no3bj","Doctor said I can take Tylenol Cold for some symptoms and Benilyn for others, does he mean in combo?","Results should discuss the use of Benilyn and Tylenol concurrently to treat cold and flu symptoms. Information about drug interactions between the two, and the symptoms each one treats is also appropriate. ","clueweb12-0111wb-36-08418","clueweb12-0111wb-36-08418","117","70","0","60","3no3bj","p8jfMulAg3EjVoQjsSvhchxEPEI="
"3J5XXLQDHMQCQOED0MFSY2RHMKC3VU","3P2WBZVMLA1Z42GMCKBMV10N1XYZ9Q","117: Assess relevance of webpage to health topic (WARNING: HIT may contain adult content. Worker discretion advised7","Judge the topic relevance, readability, and reliability of the given web page","assess, web page, relevance","$0.07","Fri Apr 06 00:40:23 PDT 2018","1","BatchId:3183089;OriginalHitTemplateId:926158642;","1200","259200","Fri Apr 13 00:40:23 PDT 2018","","","3SKRO2GZ7265NU4G4GS4XKXQCYY1K0","A33MF851P56BFH","Submitted","Fri Apr 06 23:04:56 PDT 2018","Fri Apr 06 23:07:04 PDT 2018","Mon Apr 09 23:07:04 PDT 2018","","","","128","100% (1686/1686)","100% (1686/1686)","100% (810/810)","117","3no3bj","Doctor said I can take Tylenol Cold for some symptoms and Benilyn for others, does he mean in combo?","Results should discuss the use of Benilyn and Tylenol concurrently to treat cold and flu symptoms. Information about drug interactions between the two, and the symptoms each one treats is also appropriate. ","clueweb12-1811wb-86-11233","clueweb12-1811wb-86-11233","117","50","0","30","3no3bj","Yl350Af2mKkLl33D9EZbjrUuwPs="
"3D17ECOUOEAW4CYFT8V3REK1XG5133","3P2WBZVMLA1Z42GMCKBMV10N1XYZ9Q","117: Assess relevance of webpage to health topic (WARNING: HIT may contain adult content. Worker discretion advised7","Judge the topic relevance, readability, and reliability of the given web page","assess, web page, relevance","$0.07","Fri Apr 06 00:40:23 PDT 2018","1","BatchId:3183089;OriginalHitTemplateId:926158642;","1200","259200","Fri Apr 13 00:40:23 PDT 2018","","","39U1BHVTDM600G8ILTKFM4ZJTV33T0","A33MF851P56BFH","Submitted","Fri Apr 06 23:03:38 PDT 2018","Fri Apr 06 23:04:56 PDT 2018","Mon Apr 09 23:04:56 PDT 2018","","","","78","100% (1686/1686)","100% (1686/1686)","100% (810/810)","117","3no3bj","Doctor said I can take Tylenol Cold for some symptoms and Benilyn for others, does he mean in combo?","Results should discuss the use of Benilyn and Tylenol concurrently to treat cold and flu symptoms. Information about drug interactions between the two, and the symptoms each one treats is also appropriate. ","clueweb12-0111wb-70-16556","clueweb12-0111wb-70-16556","117","50","0","30","3no3bj","eFkmnwF3mJE9Oj0KztT4i0GgNc4="
"3IZPORCT1FOZRP4V6NZK1Z3OKJGRHV","3P2WBZVMLA1Z42GMCKBMV10N1XYZ9Q","117: Assess relevance of webpage to health topic (WARNING: HIT may contain adult content. Worker discretion advised7","Judge the topic relevance, readability, and reliability of the given web page","assess, web page, relevance","$0.07","Fri Apr 06 00:40:23 PDT 2018","1","BatchId:3183089;OriginalHitTemplateId:926158642;","1200","259200","Fri Apr 13 00:40:23 PDT 2018","","","33LKR6A5KFZ4QDU3YP6WYBKMVFHT1Y","A1WGEJVGY3DI13","Submitted","Sat Apr 07 15:53:43 PDT 2018","Sat Apr 07 15:53:55 PDT 2018","Tue Apr 10 15:53:55 PDT 2018","","","","12","100% (1466/1466)","100% (1466/1466)","100% (345/345)","117","3no3bj","Doctor said I can take Tylenol Cold for some symptoms and Benilyn for others, does he mean in combo?","Results should discuss the use of Benilyn and Tylenol concurrently to treat cold and flu symptoms. Information about drug interactions between the two, and the symptoms each one treats is also appropriate. ","clueweb12-1314wb-31-23836","clueweb12-1314wb-31-23836","117","50","0","50","3no3bj","no code"
"32TZXEA1OLZHM8HJTM0M1JC7BG114O","3P2WBZVMLA1Z42GMCKBMV10N1XYZ9Q","117: Assess relevance of webpage to health topic (WARNING: HIT may contain adult content. Worker discretion advised7","Judge the topic relevance, readability, and reliability of the given web page","assess, web page, relevance","$0.07","Fri Apr 06 00:40:23 PDT 2018","1","BatchId:3183089;OriginalHitTemplateId:926158642;","1200","259200","Fri Apr 13 00:40:23 PDT 2018","","","3JC6VJ2SACYYZZWDTCHR6W7BJ2AA5D","A33MF851P56BFH","Submitted","Fri Apr 06 23:18:52 PDT 2018","Fri Apr 06 23:20:51 PDT 2018","Mon Apr 09 23:20:51 PDT 2018","","","","119","100% (1686/1686)","100% (1686/1686)","100% (810/810)","117","3no3bj","Doctor said I can take Tylenol Cold for some symptoms and Benilyn for others, does he mean in combo?","Results should discuss the use of Benilyn and Tylenol concurrently to treat cold and flu symptoms. Information about drug interactions between the two, and the symptoms each one treats is also appropriate. ","clueweb12-1812wb-94-33636","clueweb12-1812wb-94-33636","117","70","1","60","3no3bj","4VSubEvzElJEEcO-1ZjSjGt1avg="
"39O6Z4JLX2CO6MLRKBMG5IGLTFCVXL","3P2WBZVMLA1Z42GMCKBMV10N1XYZ9Q","117: Assess relevance of webpage to health topic (WARNING: HIT may contain adult content. Worker discretion advised7","Judge the topic relevance, readability, and reliability of the given web page","assess, web page, relevance","$0.07","Fri Apr 06 00:40:23 PDT 2018","1","BatchId:3183089;OriginalHitTemplateId:926158642;","1200","259200","Fri Apr 13 00:40:23 PDT 2018","","","3G5F9DBFOQCU7GJ6599WRGOE9L5VHJ","A33MF851P56BFH","Submitted","Sat Apr 07 00:02:12 PDT 2018","Sat Apr 07 00:03:25 PDT 2018","Tue Apr 10 00:03:25 PDT 2018","","","","73","100% (1686/1686)","100% (1686/1686)","100% (810/810)","117","3no3bj","Doctor said I can take Tylenol Cold for some symptoms and Benilyn for others, does he mean in combo?","Results should discuss the use of Benilyn and Tylenol concurrently to treat cold and flu symptoms. Information about drug interactions between the two, and the symptoms each one treats is also appropriate. ","clueweb12-1400wb-80-07667","clueweb12-1400wb-80-07667","117","50","0","30","3no3bj","RDMacpbLb1nLla77slv7rYxntn8="
"3MZ3TAMYTL2ZNKFFC5H51B43KWVRIO","3P2WBZVMLA1Z42GMCKBMV10N1XYZ9Q","117: Assess relevance of webpage to health topic (WARNING: HIT may contain adult content. Worker discretion advised7","Judge the topic relevance, readability, and reliability of the given web page","assess, web page, relevance","$0.07","Fri Apr 06 00:40:23 PDT 2018","1","BatchId:3183089;OriginalHitTemplateId:926158642;","1200","259200","Fri Apr 13 00:40:23 PDT 2018","","","3RANCT1ZVGWK3ORK0RPV9JJX01PUBB","A33MF851P56BFH","Submitted","Fri Apr 06 23:33:18 PDT 2018","Fri Apr 06 23:35:17 PDT 2018","Mon Apr 09 23:35:17 PDT 2018","","","","119","100% (1686/1686)","100% (1686/1686)","100% (810/810)","117","3no3bj","Doctor said I can take Tylenol Cold for some symptoms and Benilyn for others, does he mean in combo?","Results should discuss the use of Benilyn and Tylenol concurrently to treat cold and flu symptoms. Information about drug interactions between the two, and the symptoms each one treats is also appropriate. ","clueweb12-0201wb-28-26447","clueweb12-0201wb-28-26447","117","40","0","40","3no3bj","FEBKoE24EoThReTBR6tKjPQTl0U="
"3R6RZGK0XFRD6RB1P78IOWNUVL6VYR","3P2WBZVMLA1Z42GMCKBMV10N1XYZ9Q","117: Assess relevance of webpage to health topic (WARNING: HIT may contain adult content. Worker discretion advised7","Judge the topic relevance, readability, and reliability of the given web page","assess, web page, relevance","$0.07","Fri Apr 06 00:40:24 PDT 2018","1","BatchId:3183089;OriginalHitTemplateId:926158642;","1200","259200","Fri Apr 13 00:40:24 PDT 2018","","","3XM0HYN6NLE5IMV8TWSR0L2JVIWEPN","A33MF851P56BFH","Submitted","Sat Apr 07 02:21:09 PDT 2018","Sat Apr 07 02:21:53 PDT 2018","Tue Apr 10 02:21:53 PDT 2018","","","","44","100% (1686/1686)","100% (1686/1686)","100% (810/810)","117","3no3bj","Doctor said I can take Tylenol Cold for some symptoms and Benilyn for others, does he mean in combo?","Results should discuss the use of Benilyn and Tylenol concurrently to treat cold and flu symptoms. Information about drug interactions between the two, and the symptoms each one treats is also appropriate. ","clueweb12-1813wb-34-16782","clueweb12-1813wb-34-16782","117","70","1","50","3no3bj","7pMupr2-rLNV7q-dkGyFNCvfOzA="
"3Z56AA6EK4FSXK7M5WCZI9KO5I26MM","3P2WBZVMLA1Z42GMCKBMV10N1XYZ9Q","117: Assess relevance of webpage to health topic (WARNING: HIT may contain adult content. Worker discretion advised7","Judge the topic relevance, readability, and reliability of the given web page","assess, web page, relevance","$0.07","Fri Apr 06 00:40:24 PDT 2018","1","BatchId:3183089;OriginalHitTemplateId:926158642;","1200","259200","Fri Apr 13 00:40:24 PDT 2018","","","37UEWGM5HUNRAYHBU011YWJ47QSR1J","A33MF851P56BFH","Submitted","Fri Apr 06 23:14:13 PDT 2018","Fri Apr 06 23:16:00 PDT 2018","Mon Apr 09 23:16:00 PDT 2018","","","","107","100% (1686/1686)","100% (1686/1686)","100% (810/810)","117","3no3bj","Doctor said I can take Tylenol Cold for some symptoms and Benilyn for others, does he mean in combo?","Results should discuss the use of Benilyn and Tylenol concurrently to treat cold and flu symptoms. Information about drug interactions between the two, and the symptoms each one treats is also appropriate. ","clueweb12-1813wb-68-30472","clueweb12-1813wb-68-30472","117","70","1","50","3no3bj","f5MJf_Ihf3DZOiweBR9MC5nl0bA="
"391JB9X4ZYNZWZSB7060SSP66DLMK6","3P2WBZVMLA1Z42GMCKBMV10N1XYZ9Q","117: Assess relevance of webpage to health topic (WARNING: HIT may contain adult content. Worker discretion advised7","Judge the topic relevance, readability, and reliability of the given web page","assess, web page, relevance","$0.07","Fri Apr 06 00:40:24 PDT 2018","1","BatchId:3183089;OriginalHitTemplateId:926158642;","1200","259200","Fri Apr 13 00:40:24 PDT 2018","","","3JWH6J9I9TS78Y7B3QD9VOR3S55NBL","A33MF851P56BFH","Submitted","Sat Apr 07 01:06:29 PDT 2018","Sat Apr 07 01:07:32 PDT 2018","Tue Apr 10 01:07:32 PDT 2018","","","","63","100% (1686/1686)","100% (1686/1686)","100% (810/810)","117","3no3bj","Doctor said I can take Tylenol Cold for some symptoms and Benilyn for others, does he mean in combo?","Results should discuss the use of Benilyn and Tylenol concurrently to treat cold and flu symptoms. Information about drug interactions between the two, and the symptoms each one treats is also appropriate. ","clueweb12-0203wb-84-06364","clueweb12-0203wb-84-06364","117","50","0","30","3no3bj","Yq2Nsm0oBbEPbyYjVUxp2_umiCU="
"3U74KRR67M04H03YDAZS6Y12UGMTNJ","3P2WBZVMLA1Z42GMCKBMV10N1XYZ9Q","117: Assess relevance of webpage to health topic (WARNING: HIT may contain adult content. Worker discretion advised7","Judge the topic relevance, readability, and reliability of the given web page","assess, web page, relevance","$0.07","Fri Apr 06 00:40:24 PDT 2018","1","BatchId:3183089;OriginalHitTemplateId:926158642;","1200","259200","Fri Apr 13 00:40:24 PDT 2018","","","31QTRG6Q2US3ORCZTX4L7OUZDTKYP3","A33MF851P56BFH","Submitted","Sat Apr 07 00:32:24 PDT 2018","Sat Apr 07 00:33:14 PDT 2018","Tue Apr 10 00:33:14 PDT 2018","","","","50","100% (1686/1686)","100% (1686/1686)","100% (810/810)","117","3no3bj","Doctor said I can take Tylenol Cold for some symptoms and Benilyn for others, does he mean in combo?","Results should discuss the use of Benilyn and Tylenol concurrently to treat cold and flu symptoms. Information about drug interactions between the two, and the symptoms each one treats is also appropriate. ","clueweb12-1813wb-68-30500","clueweb12-1813wb-68-30500","117","70","1","60","3no3bj","G7splEnSvyLJSzkwrG1dmnALIbE="
"39AYGO6AFFZYF2SMHXRZVO9OA8C6NM","3P2WBZVMLA1Z42GMCKBMV10N1XYZ9Q","117: Assess relevance of webpage to health topic (WARNING: HIT may contain adult content. Worker discretion advised7","Judge the topic relevance, readability, and reliability of the given web page","assess, web page, relevance","$0.07","Fri Apr 06 00:40:24 PDT 2018","1","BatchId:3183089;OriginalHitTemplateId:926158642;","1200","259200","Fri Apr 13 00:40:24 PDT 2018","","","3EWIJTFFVPM2U5ROCBD1LK1BN9YE0S","A33MF851P56BFH","Submitted","Fri Apr 06 23:27:55 PDT 2018","Fri Apr 06 23:29:42 PDT 2018","Mon Apr 09 23:29:42 PDT 2018","","","","107","100% (1686/1686)","100% (1686/1686)","100% (810/810)","117","3no3bj","Doctor said I can take Tylenol Cold for some symptoms and Benilyn for others, does he mean in combo?","Results should discuss the use of Benilyn and Tylenol concurrently to treat cold and flu symptoms. Information about drug interactions between the two, and the symptoms each one treats is also appropriate. ","clueweb12-1500wb-29-01399","clueweb12-1500wb-29-01399","117","50","0","30","3no3bj","8Eee8XIr57x8xEWhEfVovciZfss="
"3MD8CKRQZZ2VIVZLUN25DCJ3XBKRJ0","3P2WBZVMLA1Z42GMCKBMV10N1XYZ9Q","117: Assess relevance of webpage to health topic (WARNING: HIT may contain adult content. Worker discretion advised7","Judge the topic relevance, readability, and reliability of the given web page","assess, web page, relevance","$0.07","Fri Apr 06 00:40:24 PDT 2018","1","BatchId:3183089;OriginalHitTemplateId:926158642;","1200","259200","Fri Apr 13 00:40:24 PDT 2018","","","3Q5C1WP23NG25BJDXTOYVVE8F8651M","A33MF851P56BFH","Submitted","Fri Apr 06 23:42:47 PDT 2018","Fri Apr 06 23:43:58 PDT 2018","Mon Apr 09 23:43:58 PDT 2018","","","","71","100% (1686/1686)","100% (1686/1686)","100% (810/810)","117","3no3bj","Doctor said I can take Tylenol Cold for some symptoms and Benilyn for others, does he mean in combo?","Results should discuss the use of Benilyn and Tylenol concurrently to treat cold and flu symptoms. Information about drug interactions between the two, and the symptoms each one treats is also appropriate. ","clueweb12-1501wb-26-26002","clueweb12-1501wb-26-26002","117","50","0","20","3no3bj","xVYpaA14u-SjdnNIKz52QQcvBdk="
"3ULIZ0H1VAKZIRLJ7RJW6BILBCW15T","3P2WBZVMLA1Z42GMCKBMV10N1XYZ9Q","117: Assess relevance of webpage to health topic (WARNING: HIT may contain adult content. Worker discretion advised7","Judge the topic relevance, readability, and reliability of the given web page","assess, web page, relevance","$0.07","Fri Apr 06 00:40:24 PDT 2018","1","BatchId:3183089;OriginalHitTemplateId:926158642;","1200","259200","Fri Apr 13 00:40:24 PDT 2018","","","33PPO7FECWU89UU4K6RNL6JM9RGID0","A33MF851P56BFH","Submitted","Fri Apr 06 23:58:11 PDT 2018","Sat Apr 07 00:00:26 PDT 2018","Tue Apr 10 00:00:26 PDT 2018","","","","135","100% (1686/1686)","100% (1686/1686)","100% (810/810)","117","3no3bj","Doctor said I can take Tylenol Cold for some symptoms and Benilyn for others, does he mean in combo?","Results should discuss the use of Benilyn and Tylenol concurrently to treat cold and flu symptoms. Information about drug interactions between the two, and the symptoms each one treats is also appropriate. ","clueweb12-0205wb-72-02841","clueweb12-0205wb-72-02841","117","50","0","30","3no3bj","2RNtSH5XLTVL_Z19zyH98L9H7uY="
"3AA88CN98PIZQGHPQ3UBMNCDFNZYK8","3P2WBZVMLA1Z42GMCKBMV10N1XYZ9Q","117: Assess relevance of webpage to health topic (WARNING: HIT may contain adult content. Worker discretion advised7","Judge the topic relevance, readability, and reliability of the given web page","assess, web page, relevance","$0.07","Fri Apr 06 00:40:24 PDT 2018","1","BatchId:3183089;OriginalHitTemplateId:926158642;","1200","259200","Fri Apr 13 00:40:24 PDT 2018","","","3OB0CAO74I4BBAEBAKWGYFS8R3FHYO","A33MF851P56BFH","Submitted","Sat Apr 07 05:50:12 PDT 2018","Sat Apr 07 05:54:27 PDT 2018","Tue Apr 10 05:54:27 PDT 2018","","","","255","100% (1686/1686)","100% (1686/1686)","100% (810/810)","117","3no3bj","Doctor said I can take Tylenol Cold for some symptoms and Benilyn for others, does he mean in combo?","Results should discuss the use of Benilyn and Tylenol concurrently to treat cold and flu symptoms. Information about drug interactions between the two, and the symptoms each one treats is also appropriate. ","clueweb12-1813wb-80-30758","clueweb12-1813wb-80-30758","117","80","0","60","3no3bj","1_H_zlmRmSE52AVicL-m0TOmrYs="
"3ZZAYRN1I66MZL3AEPZ5LN17KQRTOY","3P2WBZVMLA1Z42GMCKBMV10N1XYZ9Q","117: Assess relevance of webpage to health topic (WARNING: HIT may contain adult content. Worker discretion advised7","Judge the topic relevance, readability, and reliability of the given web page","assess, web page, relevance","$0.07","Fri Apr 06 00:40:24 PDT 2018","1","BatchId:3183089;OriginalHitTemplateId:926158642;","1200","259200","Fri Apr 13 00:40:24 PDT 2018","","","3SB5N7Y3O4J0EJNFI63PLNMN0PB0GT","A33MF851P56BFH","Submitted","Fri Apr 06 23:01:52 PDT 2018","Fri Apr 06 23:03:28 PDT 2018","Mon Apr 09 23:03:28 PDT 2018","","","","96","100% (1686/1686)","100% (1686/1686)","100% (810/810)","117","3no3bj","Doctor said I can take Tylenol Cold for some symptoms and Benilyn for others, does he mean in combo?","Results should discuss the use of Benilyn and Tylenol concurrently to treat cold and flu symptoms. Information about drug interactions between the two, and the symptoms each one treats is also appropriate. ","clueweb12-1503wb-30-22469","clueweb12-1503wb-30-22469","117","50","0","30","3no3bj","PfZBpy4aGGuEXqPF40YQmZFrl7o="
"3R5OYNIC2CO4KLFBTPCKAN6XUVNTPF","3P2WBZVMLA1Z42GMCKBMV10N1XYZ9Q","117: Assess relevance of webpage to health topic (WARNING: HIT may contain adult content. Worker discretion advised7","Judge the topic relevance, readability, and reliability of the given web page","assess, web page, relevance","$0.07","Fri Apr 06 00:40:24 PDT 2018","1","BatchId:3183089;OriginalHitTemplateId:926158642;","1200","259200","Fri Apr 13 00:40:24 PDT 2018","","","34J10VATJGD2Y3Y9PSX7L5QLS6AQII","A33MF851P56BFH","Submitted","Sat Apr 07 00:48:22 PDT 2018","Sat Apr 07 00:49:04 PDT 2018","Tue Apr 10 00:49:04 PDT 2018","","","","42","100% (1686/1686)","100% (1686/1686)","100% (810/810)","117","3no3bj","Doctor said I can take Tylenol Cold for some symptoms and Benilyn for others, does he mean in combo?","Results should discuss the use of Benilyn and Tylenol concurrently to treat cold and flu symptoms. Information about drug interactions between the two, and the symptoms each one treats is also appropriate. ","clueweb12-0209wb-76-10798","clueweb12-0209wb-76-10798","117","50","0","30","3no3bj","ZACLr0UFpILEpkk0hMdoPcTAfGA="
"3RDTX9JRTYGWU02XZXDMJ1E00UF97P","3P2WBZVMLA1Z42GMCKBMV10N1XYZ9Q","117: Assess relevance of webpage to health topic (WARNING: HIT may contain adult content. Worker discretion advised7","Judge the topic relevance, readability, and reliability of the given web page","assess, web page, relevance","$0.07","Fri Apr 06 00:40:24 PDT 2018","1","BatchId:3183089;OriginalHitTemplateId:926158642;","1200","259200","Fri Apr 13 00:40:24 PDT 2018","","","3IHR8NYAM8GNQKYF4QGERZQSISLP49","A33MF851P56BFH","Submitted","Sat Apr 07 00:33:14 PDT 2018","Sat Apr 07 00:34:27 PDT 2018","Tue Apr 10 00:34:27 PDT 2018","","","","73","100% (1686/1686)","100% (1686/1686)","100% (810/810)","117","3no3bj","Doctor said I can take Tylenol Cold for some symptoms and Benilyn for others, does he mean in combo?","Results should discuss the use of Benilyn and Tylenol concurrently to treat cold and flu symptoms. Information about drug interactions between the two, and the symptoms each one treats is also appropriate. ","clueweb12-1506wb-25-26028","clueweb12-1506wb-25-26028","117","50","0","30","3no3bj","8iTUcWCex7Cl41x5Qprq9zAGBFE="
"3TZ0XG8CBUZ0UE7G925SX1AVBEL98C","3P2WBZVMLA1Z42GMCKBMV10N1XYZ9Q","117: Assess relevance of webpage to health topic (WARNING: HIT may contain adult content. Worker discretion advised7","Judge the topic relevance, readability, and reliability of the given web page","assess, web page, relevance","$0.07","Fri Apr 06 00:40:24 PDT 2018","1","BatchId:3183089;OriginalHitTemplateId:926158642;","1200","259200","Fri Apr 13 00:40:24 PDT 2018","","","32SVAV9L3GOVLK99FTTYRZ9R57UA30","A33MF851P56BFH","Submitted","Sat Apr 07 05:50:11 PDT 2018","Sat Apr 07 05:54:27 PDT 2018","Tue Apr 10 05:54:27 PDT 2018","","","","256","100% (1686/1686)","100% (1686/1686)","100% (810/810)","117","3no3bj","Doctor said I can take Tylenol Cold for some symptoms and Benilyn for others, does he mean in combo?","Results should discuss the use of Benilyn and Tylenol concurrently to treat cold and flu symptoms. Information about drug interactions between the two, and the symptoms each one treats is also appropriate. ","clueweb12-1507wb-16-23902","clueweb12-1507wb-16-23902","117","30","0","20","3no3bj","WaafFZONd9276B0J4et95yYJ-7g="
"33BFF6QPI1QP5DEIQWKOK4AVTTE3W4","3P2WBZVMLA1Z42GMCKBMV10N1XYZ9Q","117: Assess relevance of webpage to health topic (WARNING: HIT may contain adult content. Worker discretion advised7","Judge the topic relevance, readability, and reliability of the given web page","assess, web page, relevance","$0.07","Fri Apr 06 00:40:24 PDT 2018","1","BatchId:3183089;OriginalHitTemplateId:926158642;","1200","259200","Fri Apr 13 00:40:24 PDT 2018","","","30BUDKLTXEA1PCDP9HJD2FX24HB5E6","A33MF851P56BFH","Submitted","Fri Apr 06 23:56:58 PDT 2018","Fri Apr 06 23:58:10 PDT 2018","Mon Apr 09 23:58:10 PDT 2018","","","","72","100% (1686/1686)","100% (1686/1686)","100% (810/810)","117","3no3bj","Doctor said I can take Tylenol Cold for some symptoms and Benilyn for others, does he mean in combo?","Results should discuss the use of Benilyn and Tylenol concurrently to treat cold and flu symptoms. Information about drug interactions between the two, and the symptoms each one treats is also appropriate. ","clueweb12-1814wb-84-14765","clueweb12-1814wb-84-14765","117","50","0","30","3no3bj","-jrBFlpLsApgrHjPwwe4rL7-_Cg="
"3EKTG13IZUIAG5ATS0I17S2LVDQML9","3P2WBZVMLA1Z42GMCKBMV10N1XYZ9Q","117: Assess relevance of webpage to health topic (WARNING: HIT may contain adult content. Worker discretion advised7","Judge the topic relevance, readability, and reliability of the given web page","assess, web page, relevance","$0.07","Fri Apr 06 00:40:24 PDT 2018","1","BatchId:3183089;OriginalHitTemplateId:926158642;","1200","259200","Fri Apr 13 00:40:24 PDT 2018","","","37W3JXSD67NT80905JIGZI2V6QHYWS","A33MF851P56BFH","Submitted","Fri Apr 06 23:26:44 PDT 2018","Fri Apr 06 23:27:54 PDT 2018","Mon Apr 09 23:27:54 PDT 2018","","","","70","100% (1686/1686)","100% (1686/1686)","100% (810/810)","117","3no3bj","Doctor said I can take Tylenol Cold for some symptoms and Benilyn for others, does he mean in combo?","Results should discuss the use of Benilyn and Tylenol concurrently to treat cold and flu symptoms. Information about drug interactions between the two, and the symptoms each one treats is also appropriate. ","clueweb12-1507wb-66-05631","clueweb12-1507wb-66-05631","117","50","0","30","3no3bj","tgxlmdG4NWr4QYn5yWX-1W_cFHk="
"3E24UO25QZ5GXNSYICRCAD9T0IH6O1","3P2WBZVMLA1Z42GMCKBMV10N1XYZ9Q","117: Assess relevance of webpage to health topic (WARNING: HIT may contain adult content. Worker discretion advised7","Judge the topic relevance, readability, and reliability of the given web page","assess, web page, relevance","$0.07","Fri Apr 06 00:40:24 PDT 2018","1","BatchId:3183089;OriginalHitTemplateId:926158642;","1200","259200","Fri Apr 13 00:40:24 PDT 2018","","","3NPFYT4IZDJ8B9TQLISWU19YAWYGX6","A33MF851P56BFH","Submitted","Fri Apr 06 23:29:53 PDT 2018","Fri Apr 06 23:33:16 PDT 2018","Mon Apr 09 23:33:16 PDT 2018","","","","203","100% (1686/1686)","100% (1686/1686)","100% (810/810)","117","3no3bj","Doctor said I can take Tylenol Cold for some symptoms and Benilyn for others, does he mean in combo?","Results should discuss the use of Benilyn and Tylenol concurrently to treat cold and flu symptoms. Information about drug interactions between the two, and the symptoms each one treats is also appropriate. ","clueweb12-1814wb-99-03441","clueweb12-1814wb-99-03441","117","70","1","50","3no3bj","Fm9OrS4-olG50nE-Cn0HuRqNHMw="
"39TX062QX134UDJ801GAMNO22VK3XX","3P2WBZVMLA1Z42GMCKBMV10N1XYZ9Q","117: Assess relevance of webpage to health topic (WARNING: HIT may contain adult content. Worker discretion advised7","Judge the topic relevance, readability, and reliability of the given web page","assess, web page, relevance","$0.07","Fri Apr 06 00:40:24 PDT 2018","1","BatchId:3183089;OriginalHitTemplateId:926158642;","1200","259200","Fri Apr 13 00:40:24 PDT 2018","","","3TK8OJTYM20MKXHUOMH10PQ5VDNPVS","A33MF851P56BFH","Submitted","Sat Apr 07 05:50:14 PDT 2018","Sat Apr 07 05:54:31 PDT 2018","Tue Apr 10 05:54:31 PDT 2018","","","","257","100% (1686/1686)","100% (1686/1686)","100% (810/810)","117","3no3bj","Doctor said I can take Tylenol Cold for some symptoms and Benilyn for others, does he mean in combo?","Results should discuss the use of Benilyn and Tylenol concurrently to treat cold and flu symptoms. Information about drug interactions between the two, and the symptoms each one treats is also appropriate. ","clueweb12-1909wb-73-09851","clueweb12-1909wb-73-09851","117","20","0","10","3no3bj","kr1LU-PrX1Ck0TbCncrfY5kYlYk="
"39RRBHZ0AUGDBHL6LTA123WW1FAVZI","3P2WBZVMLA1Z42GMCKBMV10N1XYZ9Q","117: Assess relevance of webpage to health topic (WARNING: HIT may contain adult content. Worker discretion advised7","Judge the topic relevance, readability, and reliability of the given web page","assess, web page, relevance","$0.07","Fri Apr 06 00:40:24 PDT 2018","1","BatchId:3183089;OriginalHitTemplateId:926158642;","1200","259200","Fri Apr 13 00:40:24 PDT 2018","","","3KXIR214I5VRYDX92S52VMIZ7JY428","A33MF851P56BFH","Submitted","Sat Apr 07 05:43:08 PDT 2018","Sat Apr 07 05:50:10 PDT 2018","Tue Apr 10 05:50:10 PDT 2018","","","","422","100% (1686/1686)","100% (1686/1686)","100% (810/810)","117","3no3bj","Doctor said I can take Tylenol Cold for some symptoms and Benilyn for others, does he mean in combo?","Results should discuss the use of Benilyn and Tylenol concurrently to treat cold and flu symptoms. Information about drug interactions between the two, and the symptoms each one treats is also appropriate. ","clueweb12-1508wb-39-13380","clueweb12-1508wb-39-13380","117","60","0","50","3no3bj","QqAqqAcWC7o-p12sRl8nIuMDVf8="
"3RBI0I35XEITUI9I5X2C51VB41E3Y3","3P2WBZVMLA1Z42GMCKBMV10N1XYZ9Q","117: Assess relevance of webpage to health topic (WARNING: HIT may contain adult content. Worker discretion advised7","Judge the topic relevance, readability, and reliability of the given web page","assess, web page, relevance","$0.07","Fri Apr 06 00:40:24 PDT 2018","1","BatchId:3183089;OriginalHitTemplateId:926158642;","1200","259200","Fri Apr 13 00:40:24 PDT 2018","","","3M1CVSFP61KNSLFBD45U4722FZ8AQ3","A33MF851P56BFH","Submitted","Sat Apr 07 05:43:47 PDT 2018","Sat Apr 07 05:50:12 PDT 2018","Tue Apr 10 05:50:12 PDT 2018","","","","385","100% (1686/1686)","100% (1686/1686)","100% (810/810)","117","3no3bj","Doctor said I can take Tylenol Cold for some symptoms and Benilyn for others, does he mean in combo?","Results should discuss the use of Benilyn and Tylenol concurrently to treat cold and flu symptoms. Information about drug interactions between the two, and the symptoms each one treats is also appropriate. ","clueweb12-1910wb-20-03698","clueweb12-1910wb-20-03698","117","60","0","40","3no3bj","JgNlOlziJbnf1367wq8G77BmdFk="
"3XJOUITW8U6PKXGQT2R9ASW7ZR9TQ6","3P2WBZVMLA1Z42GMCKBMV10N1XYZ9Q","117: Assess relevance of webpage to health topic (WARNING: HIT may contain adult content. Worker discretion advised7","Judge the topic relevance, readability, and reliability of the given web page","assess, web page, relevance","$0.07","Fri Apr 06 00:40:24 PDT 2018","1","BatchId:3183089;OriginalHitTemplateId:926158642;","1200","259200","Fri Apr 13 00:40:24 PDT 2018","","","34S6N1K2ZWYRBB7CR57Q47QCIOBHLW","A33MF851P56BFH","Submitted","Sat Apr 07 05:48:33 PDT 2018","Sat Apr 07 05:54:02 PDT 2018","Tue Apr 10 05:54:02 PDT 2018","","","","329","100% (1686/1686)","100% (1686/1686)","100% (810/810)","117","3no3bj","Doctor said I can take Tylenol Cold for some symptoms and Benilyn for others, does he mean in combo?","Results should discuss the use of Benilyn and Tylenol concurrently to treat cold and flu symptoms. Information about drug interactions between the two, and the symptoms each one treats is also appropriate. ","clueweb12-1911wb-03-16734","clueweb12-1911wb-03-16734","117","30","0","20","3no3bj","07DiM_-aXDcDyYR-UHZiZeUKMas="
"39WICJI5AT7TZ8JN1J4VJ84DAVI3ZU","3P2WBZVMLA1Z42GMCKBMV10N1XYZ9Q","117: Assess relevance of webpage to health topic (WARNING: HIT may contain adult content. Worker discretion advised7","Judge the topic relevance, readability, and reliability of the given web page","assess, web page, relevance","$0.07","Fri Apr 06 00:40:24 PDT 2018","1","BatchId:3183089;OriginalHitTemplateId:926158642;","1200","259200","Fri Apr 13 00:40:24 PDT 2018","","","30ZX6P7VF9AH1VGU5ZS61O7IPFBJ2Z","A33MF851P56BFH","Submitted","Fri Apr 06 22:53:24 PDT 2018","Fri Apr 06 22:56:10 PDT 2018","Mon Apr 09 22:56:10 PDT 2018","","","","166","100% (1686/1686)","100% (1686/1686)","100% (810/810)","117","3no3bj","Doctor said I can take Tylenol Cold for some symptoms and Benilyn for others, does he mean in combo?","Results should discuss the use of Benilyn and Tylenol concurrently to treat cold and flu symptoms. Information about drug interactions between the two, and the symptoms each one treats is also appropriate. ","clueweb12-0300wb-36-18614","clueweb12-0300wb-36-18614","117","50","0","30","3no3bj","EvE9HAIk3yxo1d4d-qvyGiogq_A="
"3FTID4TN8LDAAMZ7B36C1NPS4N4YLB","3P2WBZVMLA1Z42GMCKBMV10N1XYZ9Q","117: Assess relevance of webpage to health topic (WARNING: HIT may contain adult content. Worker discretion advised7","Judge the topic relevance, readability, and reliability of the given web page","assess, web page, relevance","$0.07","Fri Apr 06 00:40:24 PDT 2018","1","BatchId:3183089;OriginalHitTemplateId:926158642;","1200","259200","Fri Apr 13 00:40:24 PDT 2018","","","36TFCYNS45PMB5O15OAEF1LZPWBXHM","A33MF851P56BFH","Submitted","Fri Apr 06 23:35:18 PDT 2018","Fri Apr 06 23:40:15 PDT 2018","Mon Apr 09 23:40:15 PDT 2018","","","","297","100% (1686/1686)","100% (1686/1686)","100% (810/810)","117","3no3bj","Doctor said I can take Tylenol Cold for some symptoms and Benilyn for others, does he mean in combo?","Results should discuss the use of Benilyn and Tylenol concurrently to treat cold and flu symptoms. Information about drug interactions between the two, and the symptoms each one treats is also appropriate. ","clueweb12-1911wb-03-16791","clueweb12-1911wb-03-16791","117","70","1","60","3no3bj","3lKzEF5Mdz7xPCn1rUM3myFscJQ="
"3YGE63DIN8CTOLFL7925I6COQHTW01","3P2WBZVMLA1Z42GMCKBMV10N1XYZ9Q","117: Assess relevance of webpage to health topic (WARNING: HIT may contain adult content. Worker discretion advised7","Judge the topic relevance, readability, and reliability of the given web page","assess, web page, relevance","$0.07","Fri Apr 06 00:40:24 PDT 2018","1","BatchId:3183089;OriginalHitTemplateId:926158642;","1200","259200","Fri Apr 13 00:40:24 PDT 2018","","","3ON104KXQLBDATVGGCU9JTYOBQ54W2","A33MF851P56BFH","Submitted","Sat Apr 07 02:23:02 PDT 2018","Sat Apr 07 02:23:30 PDT 2018","Tue Apr 10 02:23:30 PDT 2018","","","","28","100% (1686/1686)","100% (1686/1686)","100% (810/810)","117","3no3bj","Doctor said I can take Tylenol Cold for some symptoms and Benilyn for others, does he mean in combo?","Results should discuss the use of Benilyn and Tylenol concurrently to treat cold and flu symptoms. Information about drug interactions between the two, and the symptoms each one treats is also appropriate. ","clueweb12-1508wb-80-15022","clueweb12-1508wb-80-15022","117","40","0","30","3no3bj","rGtUHNJ16-3IHuG3ZWaCL1WqJ-Q="
"3M4KL7H8KV2V1VLXCAT1YHWL777169","3P2WBZVMLA1Z42GMCKBMV10N1XYZ9Q","117: Assess relevance of webpage to health topic (WARNING: HIT may contain adult content. Worker discretion advised7","Judge the topic relevance, readability, and reliability of the given web page","assess, web page, relevance","$0.07","Fri Apr 06 00:40:24 PDT 2018","1","BatchId:3183089;OriginalHitTemplateId:926158642;","1200","259200","Fri Apr 13 00:40:24 PDT 2018","","","3NLZY2D53Q44O46FAVUKDLID9AVQLN","A33MF851P56BFH","Submitted","Fri Apr 06 23:13:00 PDT 2018","Fri Apr 06 23:14:12 PDT 2018","Mon Apr 09 23:14:12 PDT 2018","","","","72","100% (1686/1686)","100% (1686/1686)","100% (810/810)","117","3no3bj","Doctor said I can take Tylenol Cold for some symptoms and Benilyn for others, does he mean in combo?","Results should discuss the use of Benilyn and Tylenol concurrently to treat cold and flu symptoms. Information about drug interactions between the two, and the symptoms each one treats is also appropriate. ","clueweb12-1913wb-10-23113","clueweb12-1913wb-10-23113","117","50","0","30","3no3bj","uANlSamPtYBSTCnssAFq4UgEjZM="
"3XUY87HIVPTUMNSESCJG75HAVIGMMB","3P2WBZVMLA1Z42GMCKBMV10N1XYZ9Q","117: Assess relevance of webpage to health topic (WARNING: HIT may contain adult content. Worker discretion advised7","Judge the topic relevance, readability, and reliability of the given web page","assess, web page, relevance","$0.07","Fri Apr 06 00:40:24 PDT 2018","1","BatchId:3183089;OriginalHitTemplateId:926158642;","1200","259200","Fri Apr 13 00:40:24 PDT 2018","","","3PMBY0YE28I5T1VNGGQZO721521C9X","A33MF851P56BFH","Submitted","Sat Apr 07 02:22:32 PDT 2018","Sat Apr 07 02:23:01 PDT 2018","Tue Apr 10 02:23:01 PDT 2018","","","","29","100% (1686/1686)","100% (1686/1686)","100% (810/810)","117","3no3bj","Doctor said I can take Tylenol Cold for some symptoms and Benilyn for others, does he mean in combo?","Results should discuss the use of Benilyn and Tylenol concurrently to treat cold and flu symptoms. Information about drug interactions between the two, and the symptoms each one treats is also appropriate. ","clueweb12-0302wb-11-28132","clueweb12-0302wb-11-28132","117","70","1","60","3no3bj","XlKKuSrbKn5Xp5MKGa6mDEqrGBk="
"3X2YVV51PUJTVA033S65WBVYV9ZW14","3P2WBZVMLA1Z42GMCKBMV10N1XYZ9Q","117: Assess relevance of webpage to health topic (WARNING: HIT may contain adult content. Worker discretion advised7","Judge the topic relevance, readability, and reliability of the given web page","assess, web page, relevance","$0.07","Fri Apr 06 00:40:24 PDT 2018","1","BatchId:3183089;OriginalHitTemplateId:926158642;","1200","259200","Fri Apr 13 00:40:24 PDT 2018","","","3JC6VJ2SACYYZZWDTCHR6W7BJ3LA5Q","A33MF851P56BFH","Submitted","Sat Apr 07 05:50:16 PDT 2018","Sat Apr 07 05:54:33 PDT 2018","Tue Apr 10 05:54:33 PDT 2018","","","","257","100% (1686/1686)","100% (1686/1686)","100% (810/810)","117","3no3bj","Doctor said I can take Tylenol Cold for some symptoms and Benilyn for others, does he mean in combo?","Results should discuss the use of Benilyn and Tylenol concurrently to treat cold and flu symptoms. Information about drug interactions between the two, and the symptoms each one treats is also appropriate. ","clueweb12-0303wb-40-09996","clueweb12-0303wb-40-09996","117","50","0","40","3no3bj","0_cZrZdljS6_w4z0YHwHPyyvtkQ="
"3Y3N5A7N4GOUG4HSBF7R104H4SUYMD","3P2WBZVMLA1Z42GMCKBMV10N1XYZ9Q","117: Assess relevance of webpage to health topic (WARNING: HIT may contain adult content. Worker discretion advised7","Judge the topic relevance, readability, and reliability of the given web page","assess, web page, relevance","$0.07","Fri Apr 06 00:40:24 PDT 2018","1","BatchId:3183089;OriginalHitTemplateId:926158642;","1200","259200","Fri Apr 13 00:40:24 PDT 2018","","","39GAF6DQWSFJ35YS3K6BZT87SW91VQ","A33MF851P56BFH","Submitted","Fri Apr 06 23:55:34 PDT 2018","Fri Apr 06 23:56:58 PDT 2018","Mon Apr 09 23:56:58 PDT 2018","","","","84","100% (1686/1686)","100% (1686/1686)","100% (810/810)","117","3no3bj","Doctor said I can take Tylenol Cold for some symptoms and Benilyn for others, does he mean in combo?","Results should discuss the use of Benilyn and Tylenol concurrently to treat cold and flu symptoms. Information about drug interactions between the two, and the symptoms each one treats is also appropriate. ","clueweb12-1509wb-26-02520","clueweb12-1509wb-26-02520","117","50","0","20","3no3bj","RLUJrDedhnejzmjJuW5CKPRmHwU="
"30IRMPJWDZYQTF53C82HERJGC0KRKZ","3P2WBZVMLA1Z42GMCKBMV10N1XYZ9Q","117: Assess relevance of webpage to health topic (WARNING: HIT may contain adult content. Worker discretion advised7","Judge the topic relevance, readability, and reliability of the given web page","assess, web page, relevance","$0.07","Fri Apr 06 00:40:24 PDT 2018","1","BatchId:3183089;OriginalHitTemplateId:926158642;","1200","259200","Fri Apr 13 00:40:24 PDT 2018","","","3G5W44VEU8X2R9UJMZD7471WENIKGK","A33MF851P56BFH","Submitted","Fri Apr 06 23:20:58 PDT 2018","Fri Apr 06 23:22:30 PDT 2018","Mon Apr 09 23:22:30 PDT 2018","","","","92","100% (1686/1686)","100% (1686/1686)","100% (810/810)","117","3no3bj","Doctor said I can take Tylenol Cold for some symptoms and Benilyn for others, does he mean in combo?","Results should discuss the use of Benilyn and Tylenol concurrently to treat cold and flu symptoms. Information about drug interactions between the two, and the symptoms each one treats is also appropriate. ","clueweb12-0307wb-24-27909","clueweb12-0307wb-24-27909","117","50","0","40","3no3bj","565AE6go82WneGTWwunG4t_XMuI="
"3BJKPTD2QCRPWYVQ6HG9FI6CVDBTR7","3P2WBZVMLA1Z42GMCKBMV10N1XYZ9Q","117: Assess relevance of webpage to health topic (WARNING: HIT may contain adult content. Worker discretion advised7","Judge the topic relevance, readability, and reliability of the given web page","assess, web page, relevance","$0.07","Fri Apr 06 00:40:24 PDT 2018","1","BatchId:3183089;OriginalHitTemplateId:926158642;","1200","259200","Fri Apr 13 00:40:24 PDT 2018","","","3TPZPLC3M1R28OFB4CBVHUYM4T6P37","A33MF851P56BFH","Submitted","Sat Apr 07 02:24:14 PDT 2018","Sat Apr 07 02:26:00 PDT 2018","Tue Apr 10 02:26:00 PDT 2018","","","","106","100% (1686/1686)","100% (1686/1686)","100% (810/810)","117","3no3bj","Doctor said I can take Tylenol Cold for some symptoms and Benilyn for others, does he mean in combo?","Results should discuss the use of Benilyn and Tylenol concurrently to treat cold and flu symptoms. Information about drug interactions between the two, and the symptoms each one treats is also appropriate. ","clueweb12-1510wb-25-20483","clueweb12-1510wb-25-20483","117","50","0","30","3no3bj","crje-g_riVJen5rT_gfX59TCUF0="
"3566S7OX5DYE5VZ2VKYT4VWH2IR178","3P2WBZVMLA1Z42GMCKBMV10N1XYZ9Q","117: Assess relevance of webpage to health topic (WARNING: HIT may contain adult content. Worker discretion advised7","Judge the topic relevance, readability, and reliability of the given web page","assess, web page, relevance","$0.07","Fri Apr 06 00:40:24 PDT 2018","1","BatchId:3183089;OriginalHitTemplateId:926158642;","1200","259200","Fri Apr 13 00:40:24 PDT 2018","","","3FUI0JHJPYDV1ZAO6EEO4RVLZWS33L","A33MF851P56BFH","Submitted","Fri Apr 06 23:24:28 PDT 2018","Fri Apr 06 23:26:43 PDT 2018","Mon Apr 09 23:26:43 PDT 2018","","","","135","100% (1686/1686)","100% (1686/1686)","100% (810/810)","117","3no3bj","Doctor said I can take Tylenol Cold for some symptoms and Benilyn for others, does he mean in combo?","Results should discuss the use of Benilyn and Tylenol concurrently to treat cold and flu symptoms. Information about drug interactions between the two, and the symptoms each one treats is also appropriate. ","clueweb12-0311wb-21-03236","clueweb12-0311wb-21-03236","117","60","1","60","3no3bj","J6oITRy4JLe38hkm9UEIABPBTpc="
"368IUKXGA5NYIN4ZXC4RZDEJAND6PI","3P2WBZVMLA1Z42GMCKBMV10N1XYZ9Q","117: Assess relevance of webpage to health topic (WARNING: HIT may contain adult content. Worker discretion advised7","Judge the topic relevance, readability, and reliability of the given web page","assess, web page, relevance","$0.07","Fri Apr 06 00:40:24 PDT 2018","1","BatchId:3183089;OriginalHitTemplateId:926158642;","1200","259200","Fri Apr 13 00:40:24 PDT 2018","","","37U1UTWH9W19LY1WTLAGD66CLW1R86","A33MF851P56BFH","Submitted","Fri Apr 06 23:50:34 PDT 2018","Fri Apr 06 23:52:40 PDT 2018","Mon Apr 09 23:52:40 PDT 2018","","","","126","100% (1686/1686)","100% (1686/1686)","100% (810/810)","117","3no3bj","Doctor said I can take Tylenol Cold for some symptoms and Benilyn for others, does he mean in combo?","Results should discuss the use of Benilyn and Tylenol concurrently to treat cold and flu symptoms. Information about drug interactions between the two, and the symptoms each one treats is also appropriate. ","clueweb12-1510wb-69-27696","clueweb12-1510wb-69-27696","117","50","0","30","3no3bj","thd0HSqqjpcpn_dRYsNok2jK5-k="
"3511RHPADVT1DLNLX8EITRWV10PRL2","3P2WBZVMLA1Z42GMCKBMV10N1XYZ9Q","117: Assess relevance of webpage to health topic (WARNING: HIT may contain adult content. Worker discretion advised7","Judge the topic relevance, readability, and reliability of the given web page","assess, web page, relevance","$0.07","Fri Apr 06 00:40:24 PDT 2018","1","BatchId:3183089;OriginalHitTemplateId:926158642;","1200","259200","Fri Apr 13 00:40:24 PDT 2018","","","358UUM7WR0I5LKWDJGIAZ6AHACV7RZ","A33MF851P56BFH","Submitted","Fri Apr 06 23:43:58 PDT 2018","Fri Apr 06 23:47:24 PDT 2018","Mon Apr 09 23:47:24 PDT 2018","","","","206","100% (1686/1686)","100% (1686/1686)","100% (810/810)","117","3no3bj","Doctor said I can take Tylenol Cold for some symptoms and Benilyn for others, does he mean in combo?","Results should discuss the use of Benilyn and Tylenol concurrently to treat cold and flu symptoms. Information about drug interactions between the two, and the symptoms each one treats is also appropriate. ","clueweb12-0312wb-01-17263","clueweb12-0312wb-01-17263","117","50","0","30","3no3bj","U7OG291ngHXz0WwdSRAd2zRSrY8="
"337F8MIIMZSHFJW1X3WMNETX6OV40O","3P2WBZVMLA1Z42GMCKBMV10N1XYZ9Q","117: Assess relevance of webpage to health topic (WARNING: HIT may contain adult content. Worker discretion advised7","Judge the topic relevance, readability, and reliability of the given web page","assess, web page, relevance","$0.07","Fri Apr 06 00:40:24 PDT 2018","1","BatchId:3183089;OriginalHitTemplateId:926158642;","1200","259200","Fri Apr 13 00:40:24 PDT 2018","","","3JRJSWSMQI0YBXQLVYVKNIZIQLQ3EK","A33MF851P56BFH","Submitted","Sat Apr 07 00:49:05 PDT 2018","Sat Apr 07 00:49:46 PDT 2018","Tue Apr 10 00:49:46 PDT 2018","","","","41","100% (1686/1686)","100% (1686/1686)","100% (810/810)","117","3no3bj","Doctor said I can take Tylenol Cold for some symptoms and Benilyn for others, does he mean in combo?","Results should discuss the use of Benilyn and Tylenol concurrently to treat cold and flu symptoms. Information about drug interactions between the two, and the symptoms each one treats is also appropriate. ","clueweb12-1511wb-48-08520","clueweb12-1511wb-48-08520","117","50","0","30","3no3bj","721mNrLtmdAN2fKZGcMPGUhW2bU="
"3CMIQF80GN5JIZ5EXPJGZI4TFJZ6Q9","3P2WBZVMLA1Z42GMCKBMV10N1XYZ9Q","117: Assess relevance of webpage to health topic (WARNING: HIT may contain adult content. Worker discretion advised7","Judge the topic relevance, readability, and reliability of the given web page","assess, web page, relevance","$0.07","Fri Apr 06 00:40:24 PDT 2018","1","BatchId:3183089;OriginalHitTemplateId:926158642;","1200","259200","Fri Apr 13 00:40:24 PDT 2018","","","3ZV9H2YQQEMSSXCCGYPQ9O6IXPTW3R","A33MF851P56BFH","Submitted","Sat Apr 07 00:40:05 PDT 2018","Sat Apr 07 00:41:09 PDT 2018","Tue Apr 10 00:41:09 PDT 2018","","","","64","100% (1686/1686)","100% (1686/1686)","100% (810/810)","117","3no3bj","Doctor said I can take Tylenol Cold for some symptoms and Benilyn for others, does he mean in combo?","Results should discuss the use of Benilyn and Tylenol concurrently to treat cold and flu symptoms. Information about drug interactions between the two, and the symptoms each one treats is also appropriate. ","clueweb12-0400wb-28-20790","clueweb12-0400wb-28-20790","117","70","1","60","3no3bj","VL5PckxNermMBhuXdbq_6drp6jA="
"37ZQELHEQ0D045DE4DYGKK6A08QMNB","3P2WBZVMLA1Z42GMCKBMV10N1XYZ9Q","117: Assess relevance of webpage to health topic (WARNING: HIT may contain adult content. Worker discretion advised7","Judge the topic relevance, readability, and reliability of the given web page","assess, web page, relevance","$0.07","Fri Apr 06 00:40:24 PDT 2018","1","BatchId:3183089;OriginalHitTemplateId:926158642;","1200","259200","Fri Apr 13 00:40:24 PDT 2018","","","3I7DHKZYGOFTVQDL4S3JKXI2GJAF5K","A33MF851P56BFH","Submitted","Sat Apr 07 02:22:01 PDT 2018","Sat Apr 07 02:22:32 PDT 2018","Tue Apr 10 02:22:32 PDT 2018","","","","31","100% (1686/1686)","100% (1686/1686)","100% (810/810)","117","3no3bj","Doctor said I can take Tylenol Cold for some symptoms and Benilyn for others, does he mean in combo?","Results should discuss the use of Benilyn and Tylenol concurrently to treat cold and flu symptoms. Information about drug interactions between the two, and the symptoms each one treats is also appropriate. ","clueweb12-1511wb-83-12920","clueweb12-1511wb-83-12920","117","50","0","30","3no3bj","tcKACRfgZjEZ3arrPJuV37l-_Ms="
"37SDSEDIN9HI594L5PQZIVSCD2X18V","3P2WBZVMLA1Z42GMCKBMV10N1XYZ9Q","117: Assess relevance of webpage to health topic (WARNING: HIT may contain adult content. Worker discretion advised7","Judge the topic relevance, readability, and reliability of the given web page","assess, web page, relevance","$0.07","Fri Apr 06 00:40:24 PDT 2018","1","BatchId:3183089;OriginalHitTemplateId:926158642;","1200","259200","Fri Apr 13 00:40:24 PDT 2018","","","3LQ8PUHQFM7PLAZ662ADCRYK1KHHII","A33MF851P56BFH","Submitted","Sat Apr 07 05:48:26 PDT 2018","Sat Apr 07 05:54:00 PDT 2018","Tue Apr 10 05:54:00 PDT 2018","","","","334","100% (1686/1686)","100% (1686/1686)","100% (810/810)","117","3no3bj","Doctor said I can take Tylenol Cold for some symptoms and Benilyn for others, does he mean in combo?","Results should discuss the use of Benilyn and Tylenol concurrently to treat cold and flu symptoms. Information about drug interactions between the two, and the symptoms each one treats is also appropriate. ","clueweb12-1512wb-60-02674","clueweb12-1512wb-60-02674","117","20","0","10","3no3bj","2vSDkoVmb1NsbqBfqae4M6kwQlA="
"3TZDZ3Y0JSLIJENVAHWDIRNNX8F19K","3P2WBZVMLA1Z42GMCKBMV10N1XYZ9Q","117: Assess relevance of webpage to health topic (WARNING: HIT may contain adult content. Worker discretion advised7","Judge the topic relevance, readability, and reliability of the given web page","assess, web page, relevance","$0.07","Fri Apr 06 00:40:24 PDT 2018","1","BatchId:3183089;OriginalHitTemplateId:926158642;","1200","259200","Fri Apr 13 00:40:24 PDT 2018","","","33TIN5LC05PIW4WSC88OLYUK8P39YK","A33MF851P56BFH","Submitted","Sat Apr 07 00:35:18 PDT 2018","Sat Apr 07 00:40:05 PDT 2018","Tue Apr 10 00:40:05 PDT 2018","","","","287","100% (1686/1686)","100% (1686/1686)","100% (810/810)","117","3no3bj","Doctor said I can take Tylenol Cold for some symptoms and Benilyn for others, does he mean in combo?","Results should discuss the use of Benilyn and Tylenol concurrently to treat cold and flu symptoms. Information about drug interactions between the two, and the symptoms each one treats is also appropriate. ","clueweb12-1512wb-65-30647","clueweb12-1512wb-65-30647","117","50","0","30","3no3bj","j7AShiHeSphaWcVa9W2MtSObfVs="
"3QMELQS6Y5QJU0KEA48G48EYB516RA","3P2WBZVMLA1Z42GMCKBMV10N1XYZ9Q","117: Assess relevance of webpage to health topic (WARNING: HIT may contain adult content. Worker discretion advised7","Judge the topic relevance, readability, and reliability of the given web page","assess, web page, relevance","$0.07","Fri Apr 06 00:40:24 PDT 2018","1","BatchId:3183089;OriginalHitTemplateId:926158642;","1200","259200","Fri Apr 13 00:40:24 PDT 2018","","","3XM0HYN6NLE5IMV8TWSR0L2JVH7EPW","A33MF851P56BFH","Submitted","Fri Apr 06 22:56:10 PDT 2018","Fri Apr 06 22:57:41 PDT 2018","Mon Apr 09 22:57:41 PDT 2018","","","","91","100% (1686/1686)","100% (1686/1686)","100% (810/810)","117","3no3bj","Doctor said I can take Tylenol Cold for some symptoms and Benilyn for others, does he mean in combo?","Results should discuss the use of Benilyn and Tylenol concurrently to treat cold and flu symptoms. Information about drug interactions between the two, and the symptoms each one treats is also appropriate. ","clueweb12-0402wb-14-15261","clueweb12-0402wb-14-15261","117","50","0","30","3no3bj","dyr6-OIRXe9RydxxKqx2pQpa1Rc="
"388FBO7JZR80YM2SNGMREFTH9I4YND","3P2WBZVMLA1Z42GMCKBMV10N1XYZ9Q","117: Assess relevance of webpage to health topic (WARNING: HIT may contain adult content. Worker discretion advised7","Judge the topic relevance, readability, and reliability of the given web page","assess, web page, relevance","$0.07","Fri Apr 06 00:40:25 PDT 2018","1","BatchId:3183089;OriginalHitTemplateId:926158642;","1200","259200","Fri Apr 13 00:40:25 PDT 2018","","","3WOKGM4L72VO6W4D6PGXQWVPRB5O07","A33MF851P56BFH","Submitted","Fri Apr 06 23:48:42 PDT 2018","Fri Apr 06 23:50:33 PDT 2018","Mon Apr 09 23:50:33 PDT 2018","","","","111","100% (1686/1686)","100% (1686/1686)","100% (810/810)","117","3no3bj","Doctor said I can take Tylenol Cold for some symptoms and Benilyn for others, does he mean in combo?","Results should discuss the use of Benilyn and Tylenol concurrently to treat cold and flu symptoms. Information about drug interactions between the two, and the symptoms each one treats is also appropriate. ","clueweb12-1513wb-33-04171","clueweb12-1513wb-33-04171","117","50","0","30","3no3bj","bIdWhI2GnxCIvPpM7daYjC2OTxM="
"3QI9WAYOGQQVVFKRPT8LUIJUX7K6SY","3P2WBZVMLA1Z42GMCKBMV10N1XYZ9Q","117: Assess relevance of webpage to health topic (WARNING: HIT may contain adult content. Worker discretion advised7","Judge the topic relevance, readability, and reliability of the given web page","assess, web page, relevance","$0.07","Fri Apr 06 00:40:25 PDT 2018","1","BatchId:3183089;OriginalHitTemplateId:926158642;","1200","259200","Fri Apr 13 00:40:25 PDT 2018","","","3PQ8K71NHYZV558UO888E7NXBG8AAG","A33MF851P56BFH","Submitted","Fri Apr 06 22:43:54 PDT 2018","Fri Apr 06 22:47:52 PDT 2018","Mon Apr 09 22:47:52 PDT 2018","","","","238","100% (1686/1686)","100% (1686/1686)","100% (810/810)","117","3no3bj","Doctor said I can take Tylenol Cold for some symptoms and Benilyn for others, does he mean in combo?","Results should discuss the use of Benilyn and Tylenol concurrently to treat cold and flu symptoms. Information about drug interactions between the two, and the symptoms each one treats is also appropriate. ","clueweb12-0406wb-32-00586","clueweb12-0406wb-32-00586","117","50","0","40","3no3bj","noZPAQEOEb1OU-7ArhE6cjt9ohk="
"3OB6JN3A9Q4LJ356XKFXT4BK15FRM4","3P2WBZVMLA1Z42GMCKBMV10N1XYZ9Q","117: Assess relevance of webpage to health topic (WARNING: HIT may contain adult content. Worker discretion advised7","Judge the topic relevance, readability, and reliability of the given web page","assess, web page, relevance","$0.07","Fri Apr 06 00:40:25 PDT 2018","1","BatchId:3183089;OriginalHitTemplateId:926158642;","1200","259200","Fri Apr 13 00:40:25 PDT 2018","","","3TK8OJTYM20MKXHUOMH10PQ5VCFPVI","A33MF851P56BFH","Submitted","Sat Apr 07 00:00:27 PDT 2018","Sat Apr 07 00:02:11 PDT 2018","Tue Apr 10 00:02:11 PDT 2018","","","","104","100% (1686/1686)","100% (1686/1686)","100% (810/810)","117","3no3bj","Doctor said I can take Tylenol Cold for some symptoms and Benilyn for others, does he mean in combo?","Results should discuss the use of Benilyn and Tylenol concurrently to treat cold and flu symptoms. Information about drug interactions between the two, and the symptoms each one treats is also appropriate. ","clueweb12-1513wb-40-05411","clueweb12-1513wb-40-05411","117","50","0","30","3no3bj","UAwG9rDKfI4zPYO-lU01cgNP63w="
"3BFF0DJK8XR1XDV3L6GE5SB8HFUTSV","3P2WBZVMLA1Z42GMCKBMV10N1XYZ9Q","117: Assess relevance of webpage to health topic (WARNING: HIT may contain adult content. Worker discretion advised7","Judge the topic relevance, readability, and reliability of the given web page","assess, web page, relevance","$0.07","Fri Apr 06 00:40:25 PDT 2018","1","BatchId:3183089;OriginalHitTemplateId:926158642;","1200","259200","Fri Apr 13 00:40:25 PDT 2018","","","3K2755HG5TIOZ3SEJYL2I96UT09DFR","A33MF851P56BFH","Submitted","Sat Apr 07 02:28:32 PDT 2018","Sat Apr 07 02:29:12 PDT 2018","Tue Apr 10 02:29:12 PDT 2018","","","","40","100% (1686/1686)","100% (1686/1686)","100% (810/810)","117","3no3bj","Doctor said I can take Tylenol Cold for some symptoms and Benilyn for others, does he mean in combo?","Results should discuss the use of Benilyn and Tylenol concurrently to treat cold and flu symptoms. Information about drug interactions between the two, and the symptoms each one treats is also appropriate. ","clueweb12-0412wb-23-16260","clueweb12-0412wb-23-16260","117","50","0","20","3no3bj","murfjhVzsJRLQ2ibWP09D5y7pa0="
"3F6045TU7D308JQQEUB6XX56VK3991","3P2WBZVMLA1Z42GMCKBMV10N1XYZ9Q","117: Assess relevance of webpage to health topic (WARNING: HIT may contain adult content. Worker discretion advised7","Judge the topic relevance, readability, and reliability of the given web page","assess, web page, relevance","$0.07","Fri Apr 06 00:40:25 PDT 2018","1","BatchId:3183089;OriginalHitTemplateId:926158642;","1200","259200","Fri Apr 13 00:40:25 PDT 2018","","","3C5W7UE9CG583JPCWLQR76TV6JVMX7","A33MF851P56BFH","Submitted","Sat Apr 07 02:12:09 PDT 2018","Sat Apr 07 02:12:37 PDT 2018","Tue Apr 10 02:12:37 PDT 2018","","","","28","100% (1686/1686)","100% (1686/1686)","100% (810/810)","117","3no3bj","Doctor said I can take Tylenol Cold for some symptoms and Benilyn for others, does he mean in combo?","Results should discuss the use of Benilyn and Tylenol concurrently to treat cold and flu symptoms. Information about drug interactions between the two, and the symptoms each one treats is also appropriate. ","clueweb12-0500wb-12-18487","clueweb12-0500wb-12-18487","117","50","0","20","3no3bj","VdPVU5fGgkSPhuzawZffYxUwtR8="
"3D0LPO3EABEIG724OVM4T4TMZS9YOS","3P2WBZVMLA1Z42GMCKBMV10N1XYZ9Q","117: Assess relevance of webpage to health topic (WARNING: HIT may contain adult content. Worker discretion advised7","Judge the topic relevance, readability, and reliability of the given web page","assess, web page, relevance","$0.07","Fri Apr 06 00:40:25 PDT 2018","1","BatchId:3183089;OriginalHitTemplateId:926158642;","1200","259200","Fri Apr 13 00:40:25 PDT 2018","","","3X73LLYYQ2THZBAX3IN5HZU1NJANH3","A33MF851P56BFH","Submitted","Sat Apr 07 05:41:58 PDT 2018","Sat Apr 07 05:50:10 PDT 2018","Tue Apr 10 05:50:10 PDT 2018","","","","492","100% (1686/1686)","100% (1686/1686)","100% (810/810)","117","3no3bj","Doctor said I can take Tylenol Cold for some symptoms and Benilyn for others, does he mean in combo?","Results should discuss the use of Benilyn and Tylenol concurrently to treat cold and flu symptoms. Information about drug interactions between the two, and the symptoms each one treats is also appropriate. ","clueweb12-0501wb-05-13189","clueweb12-0501wb-05-13189","117","30","0","10","3no3bj","GMUEzjm3RkXOoFM1mqpu-RhjJOE="
"3M67TQBQQH3ED20V60P6TSGQ12L9AG","3P2WBZVMLA1Z42GMCKBMV10N1XYZ9Q","117: Assess relevance of webpage to health topic (WARNING: HIT may contain adult content. Worker discretion advised7","Judge the topic relevance, readability, and reliability of the given web page","assess, web page, relevance","$0.07","Fri Apr 06 00:40:25 PDT 2018","1","BatchId:3183089;OriginalHitTemplateId:926158642;","1200","259200","Fri Apr 13 00:40:25 PDT 2018","","","39LOEL67OTKH2WGUIV9KV83WFJU38P","A33MF851P56BFH","Submitted","Sat Apr 07 05:42:19 PDT 2018","Sat Apr 07 05:50:19 PDT 2018","Tue Apr 10 05:50:19 PDT 2018","","","","480","100% (1686/1686)","100% (1686/1686)","100% (810/810)","117","3no3bj","Doctor said I can take Tylenol Cold for some symptoms and Benilyn for others, does he mean in combo?","Results should discuss the use of Benilyn and Tylenol concurrently to treat cold and flu symptoms. Information about drug interactions between the two, and the symptoms each one treats is also appropriate. ","clueweb12-1608wb-99-12225","clueweb12-1608wb-99-12225","117","50","0","30","3no3bj","AGsjrnz3ywC2WAnz9y4s3Q6LB7M="
"30ZKOOGW2WLWOXX02NADEMY73QX1AZ","3P2WBZVMLA1Z42GMCKBMV10N1XYZ9Q","117: Assess relevance of webpage to health topic (WARNING: HIT may contain adult content. Worker discretion advised7","Judge the topic relevance, readability, and reliability of the given web page","assess, web page, relevance","$0.07","Fri Apr 06 00:40:25 PDT 2018","1","BatchId:3183089;OriginalHitTemplateId:926158642;","1200","259200","Fri Apr 13 00:40:25 PDT 2018","","","39LOEL67OTKH2WGUIV9KV83WFIT83R","A33MF851P56BFH","Submitted","Sat Apr 07 01:05:21 PDT 2018","Sat Apr 07 01:05:52 PDT 2018","Tue Apr 10 01:05:52 PDT 2018","","","","31","100% (1686/1686)","100% (1686/1686)","100% (810/810)","117","3no3bj","Doctor said I can take Tylenol Cold for some symptoms and Benilyn for others, does he mean in combo?","Results should discuss the use of Benilyn and Tylenol concurrently to treat cold and flu symptoms. Information about drug interactions between the two, and the symptoms each one treats is also appropriate. ","clueweb12-0501wb-24-20743","clueweb12-0501wb-24-20743","117","50","0","40","3no3bj","fYWdF36iS7whgi_QLjb64XfIsVs="
"3JMNNNO3B1J0KVIZMW6J1U53NFDW2L","3P2WBZVMLA1Z42GMCKBMV10N1XYZ9Q","117: Assess relevance of webpage to health topic (WARNING: HIT may contain adult content. Worker discretion advised7","Judge the topic relevance, readability, and reliability of the given web page","assess, web page, relevance","$0.07","Fri Apr 06 00:40:25 PDT 2018","1","BatchId:3183089;OriginalHitTemplateId:926158642;","1200","259200","Fri Apr 13 00:40:25 PDT 2018","","","3S3AMIZX3VKHWR84SWV1A3LRWM1CDX","A33MF851P56BFH","Submitted","Sat Apr 07 00:42:51 PDT 2018","Sat Apr 07 00:48:21 PDT 2018","Tue Apr 10 00:48:21 PDT 2018","","","","330","100% (1686/1686)","100% (1686/1686)","100% (810/810)","117","3no3bj","Doctor said I can take Tylenol Cold for some symptoms and Benilyn for others, does he mean in combo?","Results should discuss the use of Benilyn and Tylenol concurrently to treat cold and flu symptoms. Information about drug interactions between the two, and the symptoms each one treats is also appropriate. ","clueweb12-1609wb-34-30184","clueweb12-1609wb-34-30184","117","50","0","30","3no3bj","9qlJ5nIZierbD341_eXONirfdEc="
"3CRWSLD91KJIMQDQ5SYTZ96FQIVMOQ","3P2WBZVMLA1Z42GMCKBMV10N1XYZ9Q","117: Assess relevance of webpage to health topic (WARNING: HIT may contain adult content. Worker discretion advised7","Judge the topic relevance, readability, and reliability of the given web page","assess, web page, relevance","$0.07","Fri Apr 06 00:40:25 PDT 2018","1","BatchId:3183089;OriginalHitTemplateId:926158642;","1200","259200","Fri Apr 13 00:40:25 PDT 2018","","","3C5W7UE9CG583JPCWLQR76TV6I8MXI","A33MF851P56BFH","Submitted","Fri Apr 06 23:07:05 PDT 2018","Fri Apr 06 23:08:25 PDT 2018","Mon Apr 09 23:08:25 PDT 2018","","","","80","100% (1686/1686)","100% (1686/1686)","100% (810/810)","117","3no3bj","Doctor said I can take Tylenol Cold for some symptoms and Benilyn for others, does he mean in combo?","Results should discuss the use of Benilyn and Tylenol concurrently to treat cold and flu symptoms. Information about drug interactions between the two, and the symptoms each one treats is also appropriate. ","clueweb12-0501wb-95-15552","clueweb12-0501wb-95-15552","117","60","0","40","3no3bj","5GSvFNm2JPZ6-p-AKTM1EcuPCjY="
"37AQKJ12TX32CD8IA6L4FX7UJY8TTK","3P2WBZVMLA1Z42GMCKBMV10N1XYZ9Q","117: Assess relevance of webpage to health topic (WARNING: HIT may contain adult content. Worker discretion advised7","Judge the topic relevance, readability, and reliability of the given web page","assess, web page, relevance","$0.07","Fri Apr 06 00:40:25 PDT 2018","1","BatchId:3183089;OriginalHitTemplateId:926158642;","1200","259200","Fri Apr 13 00:40:25 PDT 2018","","","3JNQLM5FT51NWL4U8K4JH3KAT4KL27","A33MF851P56BFH","Submitted","Fri Apr 06 23:47:25 PDT 2018","Fri Apr 06 23:48:42 PDT 2018","Mon Apr 09 23:48:42 PDT 2018","","","","77","100% (1686/1686)","100% (1686/1686)","100% (810/810)","117","3no3bj","Doctor said I can take Tylenol Cold for some symptoms and Benilyn for others, does he mean in combo?","Results should discuss the use of Benilyn and Tylenol concurrently to treat cold and flu symptoms. Information about drug interactions between the two, and the symptoms each one treats is also appropriate. ","clueweb12-1611wb-71-16054","clueweb12-1611wb-71-16054","117","40","0","30","3no3bj","Vqvx2RpBBOjgqmFQLY3fGlMdreA="
"3YGYP13641OR1LQ69LUX6J0K6VPRN4","3P2WBZVMLA1Z42GMCKBMV10N1XYZ9Q","117: Assess relevance of webpage to health topic (WARNING: HIT may contain adult content. Worker discretion advised7","Judge the topic relevance, readability, and reliability of the given web page","assess, web page, relevance","$0.07","Fri Apr 06 00:40:25 PDT 2018","1","BatchId:3183089;OriginalHitTemplateId:926158642;","1200","259200","Fri Apr 13 00:40:25 PDT 2018","","","3SNVL38CI57PAXEEKDHOEGGHGVOKC8","A33MF851P56BFH","Submitted","Fri Apr 06 22:57:42 PDT 2018","Fri Apr 06 23:01:51 PDT 2018","Mon Apr 09 23:01:51 PDT 2018","","","","249","100% (1686/1686)","100% (1686/1686)","100% (810/810)","117","3no3bj","Doctor said I can take Tylenol Cold for some symptoms and Benilyn for others, does he mean in combo?","Results should discuss the use of Benilyn and Tylenol concurrently to treat cold and flu symptoms. Information about drug interactions between the two, and the symptoms each one treats is also appropriate. ","clueweb12-0502wb-30-05810","clueweb12-0502wb-30-05810","117","50","0","30","3no3bj","mnNtGcPSmarGFtHN8hYbcaRc_ro="
"338431Z1FLU9J6QIA0UAL80PW5UROJ","3P2WBZVMLA1Z42GMCKBMV10N1XYZ9Q","117: Assess relevance of webpage to health topic (WARNING: HIT may contain adult content. Worker discretion advised7","Judge the topic relevance, readability, and reliability of the given web page","assess, web page, relevance","$0.07","Fri Apr 06 00:40:25 PDT 2018","1","BatchId:3183089;OriginalHitTemplateId:926158642;","1200","259200","Fri Apr 13 00:40:25 PDT 2018","","","3QEMNNSB2YEBKAD81FNQUHTDVB17DQ","A33MF851P56BFH","Submitted","Fri Apr 06 23:08:25 PDT 2018","Fri Apr 06 23:11:44 PDT 2018","Mon Apr 09 23:11:44 PDT 2018","","","","199","100% (1686/1686)","100% (1686/1686)","100% (810/810)","117","3no3bj","Doctor said I can take Tylenol Cold for some symptoms and Benilyn for others, does he mean in combo?","Results should discuss the use of Benilyn and Tylenol concurrently to treat cold and flu symptoms. Information about drug interactions between the two, and the symptoms each one treats is also appropriate. ","clueweb12-0503wb-27-05370","clueweb12-0503wb-27-05370","117","50","0","30","3no3bj","07mquzAniFRe4dstLlKey3GakRg="
"356ZPKYPUHW017E53VZJI4YC9X5YP9","3P2WBZVMLA1Z42GMCKBMV10N1XYZ9Q","117: Assess relevance of webpage to health topic (WARNING: HIT may contain adult content. Worker discretion advised7","Judge the topic relevance, readability, and reliability of the given web page","assess, web page, relevance","$0.07","Fri Apr 06 00:40:25 PDT 2018","1","BatchId:3183089;OriginalHitTemplateId:926158642;","1200","259200","Fri Apr 13 00:40:25 PDT 2018","","","3FTOP5WARG3A5LDGQCOSI0E3SI40JB","A33MF851P56BFH","Submitted","Sat Apr 07 05:42:11 PDT 2018","Sat Apr 07 05:50:14 PDT 2018","Tue Apr 10 05:50:14 PDT 2018","","","","483","100% (1686/1686)","100% (1686/1686)","100% (810/810)","117","3no3bj","Doctor said I can take Tylenol Cold for some symptoms and Benilyn for others, does he mean in combo?","Results should discuss the use of Benilyn and Tylenol concurrently to treat cold and flu symptoms. Information about drug interactions between the two, and the symptoms each one treats is also appropriate. ","clueweb12-0509wb-31-31746","clueweb12-0509wb-31-31746","117","40","0","20","3no3bj","OwORUNibm2mAo2uNnH3hi33pAA0="
"3MDWE879UHHJWC5NCEP2O30WJK69BB","3P2WBZVMLA1Z42GMCKBMV10N1XYZ9Q","117: Assess relevance of webpage to health topic (WARNING: HIT may contain adult content. Worker discretion advised7","Judge the topic relevance, readability, and reliability of the given web page","assess, web page, relevance","$0.07","Fri Apr 06 00:40:25 PDT 2018","1","BatchId:3183089;OriginalHitTemplateId:926158642;","1200","259200","Fri Apr 13 00:40:25 PDT 2018","","","39GHHAVOMG6R49VH9DBUU34G9TH4JQ","A33MF851P56BFH","Submitted","Sat Apr 07 00:41:44 PDT 2018","Sat Apr 07 00:42:19 PDT 2018","Tue Apr 10 00:42:19 PDT 2018","","","","35","100% (1686/1686)","100% (1686/1686)","100% (810/810)","117","3no3bj","Doctor said I can take Tylenol Cold for some symptoms and Benilyn for others, does he mean in combo?","Results should discuss the use of Benilyn and Tylenol concurrently to treat cold and flu symptoms. Information about drug interactions between the two, and the symptoms each one treats is also appropriate. ","clueweb12-0600tw-48-02807","clueweb12-0600tw-48-02807","117","50","0","30","3no3bj","4oQO6YDjB4JaxxVi2oY_7vStz6Y="
"33BFF6QPI1QP5DEIQWKOK4AVTTDW3W","3P2WBZVMLA1Z42GMCKBMV10N1XYZ9Q","117: Assess relevance of webpage to health topic (WARNING: HIT may contain adult content. Worker discretion advised7","Judge the topic relevance, readability, and reliability of the given web page","assess, web page, relevance","$0.07","Fri Apr 06 00:40:25 PDT 2018","1","BatchId:3183089;OriginalHitTemplateId:926158642;","1200","259200","Fri Apr 13 00:40:25 PDT 2018","","","3WEV0KO0ON7X38X0PIL1P8P9IQ3DSA","A33MF851P56BFH","Submitted","Sat Apr 07 02:29:12 PDT 2018","Sat Apr 07 02:30:17 PDT 2018","Tue Apr 10 02:30:17 PDT 2018","","","","65","100% (1686/1686)","100% (1686/1686)","100% (810/810)","117","3no3bj","Doctor said I can take Tylenol Cold for some symptoms and Benilyn for others, does he mean in combo?","Results should discuss the use of Benilyn and Tylenol concurrently to treat cold and flu symptoms. Information about drug interactions between the two, and the symptoms each one treats is also appropriate. ","clueweb12-0700tw-23-15856","clueweb12-0700tw-23-15856","117","50","0","30","3no3bj","BvKSQN0QhMHTn98PjtMUIH_ZCCU="
"3BKZLF990ZEL1JFK38E8I9OMETRYQ0","3P2WBZVMLA1Z42GMCKBMV10N1XYZ9Q","117: Assess relevance of webpage to health topic (WARNING: HIT may contain adult content. Worker discretion advised7","Judge the topic relevance, readability, and reliability of the given web page","assess, web page, relevance","$0.07","Fri Apr 06 00:40:25 PDT 2018","1","BatchId:3183089;OriginalHitTemplateId:926158642;","1200","259200","Fri Apr 13 00:40:25 PDT 2018","","","339ANSOTR6HGN00ECNDAPJECT0KKIM","A33MF851P56BFH","Submitted","Sat Apr 07 01:05:57 PDT 2018","Sat Apr 07 01:06:28 PDT 2018","Tue Apr 10 01:06:28 PDT 2018","","","","31","100% (1686/1686)","100% (1686/1686)","100% (810/810)","117","3no3bj","Doctor said I can take Tylenol Cold for some symptoms and Benilyn for others, does he mean in combo?","Results should discuss the use of Benilyn and Tylenol concurrently to treat cold and flu symptoms. Information about drug interactions between the two, and the symptoms each one treats is also appropriate. ","clueweb12-0707wb-42-25994","clueweb12-0707wb-42-25994","117","50","0","30","3no3bj","eaDT0c4AJXIHW7LoyAA7Gk5piGk="
"3PKVGQTFIHZLDKUKGN38NZYRAFTYR1","3P2WBZVMLA1Z42GMCKBMV10N1XYZ9Q","117: Assess relevance of webpage to health topic (WARNING: HIT may contain adult content. Worker discretion advised7","Judge the topic relevance, readability, and reliability of the given web page","assess, web page, relevance","$0.07","Fri Apr 06 00:40:25 PDT 2018","1","BatchId:3183089;OriginalHitTemplateId:926158642;","1200","259200","Fri Apr 13 00:40:25 PDT 2018","","","3M68NM076IMMHKI806DITSALF1B6RZ","A33MF851P56BFH","Submitted","Fri Apr 06 23:41:35 PDT 2018","Fri Apr 06 23:42:47 PDT 2018","Mon Apr 09 23:42:47 PDT 2018","","","","72","100% (1686/1686)","100% (1686/1686)","100% (810/810)","117","3no3bj","Doctor said I can take Tylenol Cold for some symptoms and Benilyn for others, does he mean in combo?","Results should discuss the use of Benilyn and Tylenol concurrently to treat cold and flu symptoms. Information about drug interactions between the two, and the symptoms each one treats is also appropriate. ","clueweb12-0712wb-25-11421","clueweb12-0712wb-25-11421","117","50","0","30","3no3bj","t243jgxZyuuOKtbLVRwhynvmMlM="
"3S37Y8CWI8FAN9XMQAP7U9217T9W4H","3P2WBZVMLA1Z42GMCKBMV10N1XYZ9Q","117: Assess relevance of webpage to health topic (WARNING: HIT may contain adult content. Worker discretion advised7","Judge the topic relevance, readability, and reliability of the given web page","assess, web page, relevance","$0.07","Fri Apr 06 00:40:25 PDT 2018","1","BatchId:3183089;OriginalHitTemplateId:926158642;","1200","259200","Fri Apr 13 00:40:25 PDT 2018","","","3QILPRALQ6AO60940ETZ4M12KZ88NV","A33MF851P56BFH","Submitted","Fri Apr 06 22:50:35 PDT 2018","Fri Apr 06 22:52:07 PDT 2018","Mon Apr 09 22:52:07 PDT 2018","","","","92","100% (1686/1686)","100% (1686/1686)","100% (810/810)","117","3no3bj","Doctor said I can take Tylenol Cold for some symptoms and Benilyn for others, does he mean in combo?","Results should discuss the use of Benilyn and Tylenol concurrently to treat cold and flu symptoms. Information about drug interactions between the two, and the symptoms each one treats is also appropriate. ","clueweb12-0713wb-98-18221","clueweb12-0713wb-98-18221","117","50","0","30","3no3bj","1lWXlR8K2Tl5KfjqAMOnYnCmkow="
"3MDKGGG61Q2WAFX6ETDB4NFGZQY6TN","3P2WBZVMLA1Z42GMCKBMV10N1XYZ9Q","117: Assess relevance of webpage to health topic (WARNING: HIT may contain adult content. Worker discretion advised7","Judge the topic relevance, readability, and reliability of the given web page","assess, web page, relevance","$0.07","Fri Apr 06 00:40:25 PDT 2018","1","BatchId:3183089;OriginalHitTemplateId:926158642;","1200","259200","Fri Apr 13 00:40:25 PDT 2018","","","33LK57MYLUK0692WH0AYG08C68CSZN","A33MF851P56BFH","Submitted","Sat Apr 07 02:26:01 PDT 2018","Sat Apr 07 02:27:52 PDT 2018","Tue Apr 10 02:27:52 PDT 2018","","","","111","100% (1686/1686)","100% (1686/1686)","100% (810/810)","117","3no3bj","Doctor said I can take Tylenol Cold for some symptoms and Benilyn for others, does he mean in combo?","Results should discuss the use of Benilyn and Tylenol concurrently to treat cold and flu symptoms. Information about drug interactions between the two, and the symptoms each one treats is also appropriate. ","clueweb12-0714wb-72-11784","clueweb12-0714wb-72-11784","117","50","0","30","3no3bj","OWyrEfFOzbGuCFz7f8mT1dMxZq8="
"32LAQ1JNT94HCQN7ABBEKTTW2CFTUB","3P2WBZVMLA1Z42GMCKBMV10N1XYZ9Q","117: Assess relevance of webpage to health topic (WARNING: HIT may contain adult content. Worker discretion advised7","Judge the topic relevance, readability, and reliability of the given web page","assess, web page, relevance","$0.07","Fri Apr 06 00:40:25 PDT 2018","1","BatchId:3183089;OriginalHitTemplateId:926158642;","1200","259200","Fri Apr 13 00:40:25 PDT 2018","","","3FQ5JJ512M3811B593Q2URATF0SKNI","A33MF851P56BFH","Submitted","Sat Apr 07 02:33:36 PDT 2018","Sat Apr 07 02:34:09 PDT 2018","Tue Apr 10 02:34:09 PDT 2018","","","","33","100% (1686/1686)","100% (1686/1686)","100% (810/810)","117","3no3bj","Doctor said I can take Tylenol Cold for some symptoms and Benilyn for others, does he mean in combo?","Results should discuss the use of Benilyn and Tylenol concurrently to treat cold and flu symptoms. Information about drug interactions between the two, and the symptoms each one treats is also appropriate. ","clueweb12-0801wb-72-04964","clueweb12-0801wb-72-04964","117","70","1","60","3no3bj","nvPwb46wIc8eG_bhDcvjwCdKjlw="